#名前,職,index,タイプ,伝授可能,スキル名,スキル・マナコスト,条件,スキル・カテゴリ,スキル・サブカテゴリ,スキル・追加効果1,スキル・追加効果2,スキル・追加効果3,スキル・追加効果4,スキル・追加効果5,備考
グレッグ,F,1,1,,リベンジブレード,2,,attack,one_short,,,,,,
メフラム,F,2,1,,デンジャラスカット,1,,attack,one_short,,,,,,
エディ,F,3,1,,ターンエッジ,1,,attack,range_self,,,,,,
ジャンダル,F,4,1,,インパクトタックル,1,,attack,one_dash,add_push,,,,,
カルロ,F,5,1,,ハードカット,2,,attack,one_short,,,,,,
ローデル,F,6,1,,ランダムパワーアップ,1,,buff,random,aup,,,,,
エイダル,F,7,1,,ハードピック,2,,attack,one_short,,,,,,
ダスティ,F,8,1,,ウェポンラッシュ,1,,attack,one_combo,,,,,,
リョータ,F,9,1,,疾風斬り,1,,attack,range_dash,,,,,,
アザミ,F,10,1,,発破飛び苦無,1,,attack,one_rear,fire,,,,,
ヨヨ,F,11,1,,フレイムカット,1,,attack,one_dash,fire,,,,,
ハルカ,F,12,1,,パワーアップ,1,,buff,self,aup,,,,,
ライオ,F,13,1,,重撃,1,,attack,one_short,,,,,,
マルガ,F,14,1,,ファイアカット,1,,attack,one_short,fire,,,,,
メア,F,15,1,,ジャグリングカット,2,,attack,one_combo,,,,,,
リンダ,F,16,1,,ダウンプレス,2,,attack,one_short,add_down,,,,,
デンガル,F,17,1,,戦いのリズム,1,,song_dance,aup,,,,,,
セミマル,F,18,1,,業火斬,2,,attack,range_explosion,fire,,,,,
インドウ,F,19,1,,一刃必凍,2,,attack,one_short,ice,add_freeze,,,,
カンベエ,F,20,1,,豪腕撃,1,,attack,one_short,add_push,,,,,
トルナド,F,21,1,,アウストル,1,,attack,range_dash,add_slow,,,,,
ディエス,F,22,1,,ヴェノムトライ,1,,attack,one_combo,add_poison,,,,,
ジェアダ,F,23,1,,ノックダウン,2,,attack,one_short,add_down,,,,,
ハルアキ,F,24,1,,霞の刃,2,,attack,one_combo,,,,,,
バイセツ,F,25,1,,唐竹割り,1,,attack,one_short,,,,,,
ドドガル,F,26,1,,ヘビーインパクト,2,,attack,one_short,add_push,,,,,
フランツ,F,27,1,,ダッシュブレード,1,,attack,one_dash,,,,,,
マレイカ,F,28,1,,情熱の舞,2,,song_dance,aup,guard_freeze,,,,,
アイダ,F,29,1,,商売根性,1,,buff,self,aup,,,,,
ジグムント,F,30,1,,ダッシュブレード,1,,attack,one_dash,,,,,,
リュビア,F,31,1,,ダークエッジ,2,,attack,range_self,,,,,,
マディーナ,F,32,1,,ダッシュブレード,1,,attack,one_dash,,,,,,
イヌチヨ,F,33,1,,大立ち回り,3,,attack,range_self,,,,,,
アイアリス,F,34,1,,デスサイズ,1,,attack,range_self,,,,,,
サナ,F,35,1,,流氷突き,1,,attack,one_dash,ice,,,,,
主人公,F,36,1,,ダッシュブレード,1,,attack,one_dash,,,,,,
オグマ,F,37,1,d,抜刀術・鬼閃,1,,attack,one_line,,,,,,
サコン,F,38,1,d,一刀両断,2,,attack,one_short,,,,,,
ヨシカゲ,F,39,1,d,一騎当千,2,,attack,one_short,,,,,,
ナズナ,F,40,1,d,悲哀の剣閃,1,,attack,range_explosion,,,,,,
トウカ,F,41,1,d,無音の剣,2,,attack,one_dash,add_push,,,,,
ヴォルグ,F,42,1,d,ドラゴンスレイヤー,2,,attack,one_short,,,,,,
エルダ,F,43,1,d,フルスイング,2,,attack,range_self,add_down,,,,,
アンジェリカ,F,44,1,d,デモンスマイル,2,,attack,one_short,add_down,,,,,
ベルナデット,F,45,1,d,ラブボンバー,1,,attack,range_explosion,,,,,,
ハサン,F,46,1,d,ソウルビート,1,,song_dance,aup,,,,,,
アイナ,F,47,1,d,ダッシュプレス,2,,attack,one_dash,add_down,,,,,
アミル,F,48,1,d,テンプテーション,2,,buff,random,aup,dup,,,,
イオ,F,49,1,d,ラピッドブレード,1,,attack,one_combo,,,,,,
レイジ,F,50,1,,零式奥義　清,2,,attack,range_self,ice,,,,,
キキョウ,F,51,1,d,電撃斬り,2,,attack,one_dash,add_slow,,,,,
フィーンド,F,52,1,d,流天,3,,attack,range_self,,,,,,
ソウジロウ＝セタ,F,53,1,d,旋風飯綱,2,,attack,range_self,add_down,,,,,
イブキ,F,54,1,d,円月殺法,2,,attack,range_self,,,,,,
ヒロチ,F,55,1,d,ヴィテアタック,1,,attack,one_dash,add_blind,,,,,
ヨシツグ,F,56,1,,散華繚乱,2,,attack,range_explosion,,,,,,
オリョウ,F,57,1,d,呪詛の鬼魂,2,,attack,one_short,add_curse,,,,,
カミナヅキ,F,58,1,d,鈴音天昇,3,,attack,range_self,,,,,,
テレサ,F,59,1,d,殺戮剣術,2,,attack,one_combo,,,,,,
チヨメ,F,60,1,d,忍法カゲキリ,2,,attack,one_short,add_slow,,,,,
ヨシノ,F,61,1,d,桜花爛漫,2,,attack,range_line,,,,,,
ソーニャ,F,62,1,d,プロミネンスドライブ,2,,attack,range_dash,fire,,,,,
ボクデン,F,63,1,d,剣嵐武闘,3,,attack,one_combo,,,,,,
サプラス,F,64,1,d,デモンズフルコース,2,,attack,one_combo,add_poison,,,,,
ミーム,F,65,1,d,突貫工事,2,,area,obstacle,,,,,,
セリーヌ,F,66,1,d,クリスタルクオーツ,3,,attack,one_line,,,,,,
コロパティロン,F,67,1,d,ビックチョッパー,2,,attack,range_self,,,,,,
ヨルデ,F,68,1,d,一之太刀,2,,attack,one_short,add_down,,,,,
キキ,F,69,1,d,フレアスプラッシュ,2,,attack,one_combo,fire,,,,,
ロレッタ,F,70,1,d,デストロイスマッシュ,3,,attack,one_short,add_down,,,,,
ニンファ,F,71,1,d,ハッピーストライク,3,,attack,one_short,,,,,,
リンセ,F,72,1,d,ニャインライブス,1,,attack,one_combo,,,,,,
フーコ,F,73,1,d,かすみくない,2,,attack,one_line,add_blind,,,,,
スルスタン,F,74,1,d,ストラトブレード,2,,attack,range_dash,add_down,,,,,
サクヤ,F,75,1,,陰陽一刀流　影道閃,2,,attack,range_line,,,,,,
勇者,F,76,1,d,広域殲滅光炎陣,3,,attack,range_all,fire,,,,,
にゃん太,F,77,1,d,ブラッディピアッシング,2,,attack,one_combo,add_slow,,,,,
アカツキ,F,78,1,d,アサシネイト,3,,attack,one_short,,,,,,
カノ,F,79,1,d,四つ葉の祝福,1,,song_dance,aup,,,,,,
,,,,,,,,,,,,,,,
セルバンテス,K,1,1,,ヘビーチャージ,2,,attack,one_dash,add_push,,,,,
ベアトリクス,K,2,1,,勝利のために,1,,buff,self,aup,defdown,,,,
アントン,K,3,1,,ガーディアン,1,,buff,self,dup,atkdown,,,,
ハーマン,K,4,1,,ダウンハイカット,2,,attack,one_short,add_down,,,,,
バクストン,K,5,1,,パワーアップ,1,,buff,self,aup,,,,,
ロベルタ,K,6,1,,ダウンハイカット,2,,attack,one_short,add_down,,,,,
カイン,K,7,1,,スラッシュ,1,,attack,range_forward,,,,,,
ナックル,K,8,1,,インパクトタックル,1,,attack,one_dash,add_push,,,,,
ギスゴ,K,9,1,,ハードスラッシュ,2,,attack,range_forward,,,,,,
エリーナ,K,10,1,,チャージランス,2,,attack,range_dash,add_push,,,,,
ルアンナ,K,11,1,,クリンリバイブ,2,,heal,one_self,cure_poison,,,,,
アルベルト,K,12,1,,ボディアップ,1,,buff,self,dup,,,,,
メリッサ,K,13,1,,ヘビーカット,2,,attack,one_short,add_push,,,,,
ラヒーム,K,14,1,,ブラインドソード,1,,attack,one_short,add_blind,,,,,
ラビィ,K,15,1,,スラッシュ,1,,attack,range_forward,,,,,,
カディル,K,16,1,,ポイズンファング,2,,attack,one_short,add_poison,,,,,
マリス,K,17,1,,ブレイバー,2,,attack,one_dash,add_push,,,,,
ライネル,K,18,1,,ダッシュブレード,1,,attack,one_dash,,,,,,
スレイ,K,19,1,,スラッシュ,1,,attack,range_forward,,,,,,
オデット,K,20,1,,ヘビースティング,1,,attack,one_dash,add_push,,,,,
カイ,K,21,1,,ターンエッジ,1,,attack,range_self,,,,,,
トーマス,K,22,1,,ホーリーリバイブ,1,,heal,one_self,,,,,,
フィーンド,K,23,1,,アーマーチャージ,1,,attack,one_dash,add_push,,,,,
ダナディ,K,24,1,d,ブレイブタックル,1,,attack,range_dash,add_push,,,,,
ファン＝ファン,K,25,1,d,フレイムバリア,1,,barrier,self,guard_ice,,,,,
ムスタファ,K,26,1,d,サンドバイパー,1,,attack,range_forward,add_slow,,,,,
イルヘルミナ,K,27,1,d,ホーリーセイバー,2,,attack,range_dash,add_push,,,,,
アルヴェルト,K,28,1,d,破邪の牙,1,,attack,one_line,,,,,,
ローエンディア,K,29,1,d,フルーレ,1,,attack,one_short,add_push,,,,,
女騎士,K,30,1,d,勇者直伝　岩盤返し,2,,barrier,all,guard_ice,,,,,
直継,K,31,1,d,キャッスル・オブ・ストーン,1,,barrier,self,invincible,,,,,
クラスティ,K,32,1,d,オンスロート,2,,attack,range_self,,,,,,
ゴトリ,K,33,1,d,包丁乱舞,2,,attack,one_combo,,,,,,
ザレン,K,34,1,d,グランドアサルト,2,,attack,range_dash,add_push,,,,,
スティッチア,K,35,1,,針剣舞,1,,attack,one_combo,,,,,,
アレス,K,36,1,d,ジャスティファイ,3,,attack,range_dash,add_push,,,,,
シンフォニア,K,37,1,d,アーティライト,3,,attack,one_line,add_push,,,,,
ユリアナ,K,38,1,d,クイーンズオーダー,1,,buff,all,aup,,,,,
ジャファール,K,39,1,d,鷹爪剣,1,,attack,one_short,add_poison,add_blind,,,,暗闇はアビリティで付与
バリエナ,K,40,1,d,ヴォルフハウリング,1,,barrier,all,guard_fire,guard_ice,guard_debuff,,,
リフレット,K,41,1,d,サンプレッシャー,2,,attack,range_self,add_push,,,,,
フィー・グレア,K,42,1,d,シュトゥルムドラッヘ,2,,attack,range_forward,,,,,,
パーシェル,K,43,1,,ゴッデスティアー,1,,heal,one_self,,,,,,
ウェイン,K,44,1,d,ジャスティレイ,3,,attack,range_forward,,,,,,
ディード,K,45,1,d,フライハイトヴィント,2,,attack,one_combo,add_slow,,,,,
ミリエル,K,46,1,d,ブランディッシュスピア,2,,attack,range_forward,,,,,,
,,,,,,,,,,,,,,,
ミシディア,A,1,1,,ハードショット,1,,attack,one_line,,,,,,
オットー,A,2,1,,ランダムショット,2,,attack,range_random,,,,,,
サビオ,A,3,1,,スナイプショット,1,,attack,one_rear,,,,,,
パトリシア,A,4,1,,スナイプショット,1,,attack,one_rear,,,,,,
ワーグマン,A,5,1,,クイックドロウ,2,,attack,range_random,,,,,,
ミル,A,6,1,,トライスロウリー,1,,attack,range_random,,,,,,
シェダ,A,7,1,,パワースナイプ,2,,attack,one_rear,add_down,,,,,
コロナ,A,8,1,,フレイムアロー,2,,attack,one_line,fire,,,,,
フェイスレス,A,9,1,,スナイプショット,1,,attack,one_rear,,,,,,
キリエ,A,10,1,,トリプルショット,2,,attack,range_random,,,,,,
エマ,A,11,1,,ストレングスアロー,2,,attack,one_line,,,,,,
ニキ,A,12,1,,守りの舞,1,,song_dance,dup,,,,,,
エンヴィ,A,13,1,,ハードスナイプ,2,,attack,one_rear,,,,,,
チャム＝チャム,A,14,1,,炎の英雄譚,1,,song_dance,dup,guard_fire,,,,,
ヤーウッド,A,15,1,d,地の利,2,,area,obstacle,,,,,,
ティフォ,A,16,1,d,レオファング,1,,attack,one_rear,add_slow,,,,,
リーニャ,A,17,1,d,ヒールウィンド,2,,heal,all_cycle,cure_blind,,,,,
クラリス,A,18,1,d,ヘイトアロー,3,,attack,range_random,add_down,,,,,
フィリップ,A,19,1,d,レインアロー,2,,attack,range_random,,,,,,
ウィリアム＝マサチューセッツ,A,20,1,d,ラピッドショット,2,,attack,range_random,,,,,,
イッシー,A,21,1,d,ティルレーシア,1,,attack,one_rear,add_blind,,,,,
オネット,A,22,1,d,ティルーユ・シュート,1,,attack,one_rear,add_blind,,,,,
カルネロ,A,23,1,,サンクションズ,2,,attack,one_line,add_blind,add_slow,add_push,,,
アルミルス,A,24,1,d,プレヘンデーレ,2,,attack,one_line,add_freeze,,,,,
ムジカ,A,25,1,d,伝説の歌声,3,,song_dance,adup,,,,,,
サーシャ,A,26,1,d,太陽の舞,2,,song_dance,aup,guard_element,guard_debuff,,,,
ハジャダ,A,27,1,d,エスピアツィオーネ,3,,attack,range_random,add_blind,,,,,
ファルリン,A,28,1,,砂城の詩,1,,song_dance,dup,,,,,,
ブリサ,A,29,1,d,アンラッキーギフト,2,,attack,range_random,add_poison,,,,,
カタリス,A,30,1,d,ダークフレイザー,2,,attack,range_random,fire,,,,,
ニーナ,A,31,1,d,サドゥンインパクト,3,,attack,one_rear,,,,,,
ティグレ,A,32,1,d,タイガーファング,2,,attack,one_rear,add_poison,,,,,
パロマ,A,33,1,d,プリマヴェーラ,1,,attack,one_line,add_slow,,,,,
アルティナ,A,34,1,,翠の森の精霊詩,2,,song_dance,dup,guard_blind,,,,,
グレタ,A,35,1,,アローサービス,2,,attack,range_random,,,,,,
,,,,,,,,,,,,,,,
カトリ,P,1,1,,キュア,1,,heal,one_worst,,,,,,
マリナ,P,2,1,,ヒール,1,,heal,all_instant,,,,,,
ローザ,P,3,1,,ハイヒール,2,,heal,all_instant,,,,,,
ラティ,P,4,1,,ヒール,1,,heal,all_instant,,,,,,
ケイト,P,5,1,,オートヒール,1,,heal,all_cycle,,,,,,
メルヴィナ,P,6,1,,解毒薬調合,1,,heal,all_instant,cure_poison,,,,,
ヨハン,P,7,1,,オートヒール,1,,heal,all_cycle,,,,,,
ロイ,P,8,1,,キュア,1,,heal,one_worst,,,,,,
ミノリ,P,9,1,,禊ぎの障壁,1,,barrier,all,guard_fire,guard_ice,,,,
ウィヴェア,P,10,1,d,オープンヒール,1,,heal,all_instant,cure_seal,,,,,
セレージャ,P,11,1,d,ブライトヒール,1,,heal,all_instant,cure_blind,,,,,
ヴァネッサ,P,12,1,d,ハイヒール,2,,heal,all_instant,,,,,,
ライラ,P,13,1,d,勇気の歌,1,,song_dance,dup,,,,,,
パポラ,P,14,1,d,ウォームヒール,1,,heal,all_instant,cure_freeze,,,,,
オリアーナ,P,15,1,d,ナチュラルハイヒール,2,,heal,all_instant,cure_poison,,,,,
アデル,P,16,1,d,ハイヒール,2,,heal,all_instant,,,,,,
アリエッタ,P,17,1,d,ヘイストヒール,1,,heal,all_instant,cure_slow,,,,,
ノエル,P,18,1,d,オートハイヒール,2,,heal,all_cycle,,,,,,
メイド長,P,19,1,d,毒針・二式,1,,attack,one_combo,add_poison,,,,,
スミレ,P,20,1,d,癒しの湯,2,,heal,all_instant,cure_blind,,,,,
マリエール,P,21,1,d,オーロラヒール,1,,heal,all_instant,,,,,,
タノウェイ,P,22,1,d,オラクル,2,,heal,one_worst,,,,,,
ヘロディア,P,23,1,d,セルフプロデュース,1,,buff,all,aup,,,,,
フィーナ,P,24,1,,クロノス,3,,attack,range_all,,,,,,
,,,d,,フラグメントクロノス,3,,attack,range_all,,,,,,
リリス,P,25,1,d,セイントヒール,2,,heal,all_cycle,,,,,,
メイド姉,P,26,1,d,自由への演説,2,,heal,all_instant,cure_blind,aup,,,,
,,,,,,,,,,,,,,,
ヨッタ＝ヨッタ,M,1,1,,プチファイア,1,,buff,all,add_fire,,,,,
クリスティン,M,2,1,,プチマジック,1,,attack,one_line,,,,,,
ゲッベルツ,M,3,1,,ランダムディフェンス,1,,buff,random,dup,,,,,
ミーナ,M,4,1,,マジックランス,1,,attack,range_line,,,,,,
カルデア,M,5,1,,ヒール,1,,heal,all_instant,,,,,,
チャーノ,M,6,1,,プチプロテクション,1,,barrier,all,,,,,,
ハキム,M,7,1,,守りの応援歌,1,,song_dance,dup,,,,,,
リーゼロッテ,M,8,1,,マジックレイン,1,,attack,range_all,,,,,,
パルナ,M,9,1,,アイススピア,1,,attack,range_line,ice,,,,,
プルナ,M,10,1,,ファイアスピア,1,,attack,range_line,fire,,,,,
シエン,M,11,1,,トライダークネス,1,,attack,range_line,add_blind,,,,,
ゴルネッサ,M,12,1,,砂蛇の舞,2,,song_dance,add_slow,,,,,,
クラウス,M,13,1,,アイススピア,1,,attack,range_line,ice,,,,,
ミニモ,M,14,1,,スパイラルランサー,2,,attack,range_line,,,,,,
トト,M,15,1,,エンハンスファイア,1,,buff,all,add_fire,aup,,,,
フィオナ,M,16,1,,ヘイトフレア,2,,attack,range_all,fire,,,,,
ビルギット,M,17,1,,マジックランス,1,,attack,range_line,,,,,,
ネルヴァ,M,18,1,,プロテクション,2,,barrier,all,,,,,,
アイザック,M,19,1,,マインドミラージュ,1,,attack,one_line,add_blind,,,,,
ウーヴィア,M,20,1,,クールシザーズ,1,,attack,one_combo,ice,,,,,
ヨナ,M,21,1,,ヒール,1,,heal,all_instant,,,,,,
ルンデルハウス＝コード,M,22,1,,オーブ・オブ・ラーヴァ,1,,attack,range_line,fire,,,,,
マリク,M,23,1,d,ブライトスクリーン,1,,barrier,all,guard_blind,,,,,
ディ・ロ,M,24,1,d,オーバーリミット,2,,attack,range_explosion,,,,,,
メラヒム,M,25,1,d,アイスランサー,3,,attack,range_line,ice,,,,,
ロクサーナ,M,26,1,d,声なき歌,1,,song_dance,aup,,,,,,
パボア,M,27,1,d,クジャクファイアー,1,,attack,range_line,fire,,,,,
フィ＝フィ,M,28,1,d,レッドフレイム,2,,attack,one_line,fire,,,,,
シャクティ,M,29,1,d,ディベート,2,,barrier,all,,,,,,
フェブリア,M,30,1,d,ファイアシュート,1,,attack,range_line,fire,,,,,
ミラジェン,M,31,1,d,涼風の旋律,1,,song_dance,aup,guard_ice,,,,,
アイリ,M,32,1,d,禁術・暗黒源流呪術,2,,attack,range_line,add_poison,,,,,
ナイエル,M,33,1,,恋愛の歌,2,,song_dance,add_blind,,,,,,
クリオラ,M,34,1,d,カガクのちから,1,,attack,range_all,add_push,,,,,
エレミア,M,35,1,d,メイド式治療術,2,,heal,all_instant,cure_blind,,,,,
ビエンタ,M,36,1,d,全軍突撃命令,2,,buff,all,aup,,,,,
イザヤ,M,37,1,d,破滅の進撃,2,,barrier,all,,,,,,
リック,M,38,1,,火炎魔法剣・陣,2,,attack,range_self,fire,,,,,
火竜公女,M,39,1,d,火竜の吐息,1,,attack,range_line,fire,,,,,
ルカナ,M,40,1,d,フリージング,2,,attack,one_line,ice,,,,,
レベッカ,M,41,1,d,バーニングランス,1,,attack,one_combo,fire,,,,,
ミイナ,M,42,1,d,シュポル・ボンボン,2,,attack,range_explosion,,,,,,
ブルワリー,M,43,1,d,アイスクラッシュ,2,,attack,range_drop,ice,,,,,
フィリアナ,M,44,1,d,アルディスペル,2,,attack,range_forward,,,,,,
シューレ,M,45,1,,ブラウニーカット,2,,attack,one_short,add_push,,,,,
アエル・グルン,M,46,1,d,ブルーレンブリッツ,3,,attack,one_line,,,,,,
イスレム,M,47,1,d,アイスストーム,1,,attack,range_forward,ice,add_freeze,,,,凍結は専用武器アビリティで付与
アルドラ,M,48,1,d,ユニヴェール,3,,attack,range_all,,,,,,
ヴェルナー,M,49,1,d,ヴォルケーノ,2,,attack,range_line,fire,add_down,,,,
カティア,M,50,1,d,ソードスペル,2,,attack,range_forward,,,,,,
ユニ,M,51,1,d,アブソリュートゼロ,2,,attack,one_combo,ice,,,,,
メフルナーシュ,M,52,1,d,精霊の舞,2,,song_dance,dup,guard_fire,,,,,
イザベル,M,53,1,,ブリザードニードル,2,,attack,range_line,ice,,,,,
チアリー,M,54,1,d,トリックマジック,2,,attack,range_all,add_push,,,,,
カレン,M,55,1,d,フレイムソード,1,,attack,one_short,add_push,,,,,
ミスティ,M,56,1,,紅き情熱の唄,3,,song_dance,adup,,,,,,
魔王,M,57,1,d,魔王の戦闘指揮,2,,buff,all,aup,dup,,,,
ロビン,M,58,1,d,チャームロリータ,2,,attack,range_line,add_blind,,,,,
シロエ,M,59,1,d,ソーンバインド・ホステージ,2,,attack,one_line,add_curse,,,,,
,,,,,,,,,,,,,,,
,,,,,,,,,,,,,,,
,,,,,,,,,,,,,,,
,,,,,,,,,,,,,,,
フラウ,M,60,1,d,プラスインパルス,1,,buff,all,aup,,,,,
ルクレチア,A,36,1,d,剛弓彩花,2,,attack,range_forward,,,,,,
チワ,M,61,1,d,フォイヤーヴェルク,2,,attack,one_line,fire,add_push,add_freeze,,,凍結はアビリティで付与
オーロラ,K,47,1,d,黒薔薇の剣戟,2,,attack,range_dash,add_down,,,,,
ラスフィア,M,63,1,d,ライフエミッション,2,,attack,range_explosion,,,,,,
ミジョカ,M,62,1,d,ダウンバースト,2,,attack,range_drop,add_down,,,,,
シェラザード,F,80,1,d,舞うエーデルローゼ,3,,attack,range_self,add_push,,,,,
ロロ,K,48,1,d,炎牙,2,,attack,range_forward,fire,,,,,
ハティ,M,64,1,d,石板大回転,2,,attack,range_self,,,,,,
ハティファス,M,65,1,d,イグノランス,3,,attack,range_drop,add_slow,,,,,
ソロ,A,37,1,d,グレイファング,2,,attack,range_random,,,,,,
,,,,,,,,,,,,,,,
# チェインストーリーフェス,,,,,,,,,,,,,,,
,,,,,,,,,,,,,,,
アオイ,P,27,1,d,法術森羅万象,2,,heal,all_instant,cure_weaken,dup,,,,
ルーク,F,81,1,d,殲滅槌,3,,attack,one_short,add_push,,,,,
オルドレード,K,49,1,d,ベルセルクオーダー,1,,buff,all,aup,defdown,,,,
カデッサ,K,50,1,d,闇を喰らう灰牙,2,,attack,one_combo,,,,,,
,,,,,,,,,,,,,,,
# 2部,,,,,,,,,,,,,,,
,,,,,,,,,,,,,,,
主人公,F,82,1,d,クロノブレード,3,,attack,range_dash,add_push,,,,,
,,,2,,ブラックナイト,1,超必殺技ゲージMAX,metamorphose,self,super_skill,adsup,guard,,,装備：黒騎士の剣
,,,3,,クロノブレイカー・アビス,2,変身中,attack,range_forward,add_down,,,,,
,,,,,,forward,,attack,range_dash,add_push,,,,,変身解除
カイン,K,51,1,d,エフォルスラッシュ,2,,attack,range_forward,,,,,,
ミシディア,A,38,1,d,オーラショット,2,,attack,one_line,,,,,,
マリナ,P,28,1,d,エンジェルヒール,1,,heal,all_instant,,,,,,
,,,,,,,,,,,,,,,
イナミ,M,66,1,d,ルクルフレイム,1,,attack,range_line,fire,charge,,,,
,,,,,,,,,,,,,,,
オルカ,K,52,1,d,ブルーオーシャン,2,,attack,range_jump,add_push,,,,,
ルーラ,F,83,1,d,オリジナルエイト,3,,attack,range_short,add_slow,,,,,スロウはアビリティで付与
サーポ,M,67,1,d,竜神の怒り,2,,attack,range_line,,,,,,
,,,,,,either,フィールドが砂浜/船上/海中,attack,range_line2,add_push,,,,,
ライア,F,84,1,,ラ・リュミエール,2,,attack,one_short,add_push,add_poison,,,,毒はアビリティで付与
,,,,,,,,,,,,,,,
ペイシェ,F,85,1,d,セイレーネスインパクト,2,,attack,one_short,add_push,,,,,
オルデル,K,53,1,d,ヘビーバッシュ,2,,attack,range_self,add_push,,,,,
アレグリア,A,39,1,d,セイクリッドレイン,2,,attack,range_random,,,,,,
フロル,P,29,1,d,ワールドゴスペル,2,,heal,all_instant,dup,,,,,
ステラ,M,68,1,d,クレセントシュート,2,,attack,one_line,,,,,,
ボニート,A,40,1,,エレメンタルフェザー,2,,attack,range_forward,,,,,,
トゥバラオ,F,86,1,d,インファイト,2,,attack,range_explosion,,,,,,
ペローラ,K,54,1,d,アルシナシオン,2,,barrier,all,,,,,,
,,,,,,,,,,,,,,,
ヘリデ,F,87,1,,スミスハンマー,1,,attack,one_short,add_push,,,,,
ボルサ,F,88,1,,ブレイクスピン,1,,attack,range_self,,,,,,
トルトゥガ,F,89,1,,スクリュー・ドライバー,3,,attack,one_short,,,,,,
ネブリナ,K,55,1,,ディベルディード,1,,attack,range_dash,,,,,,
ミドア,M,69,1,,ウォーターストリーム,1,,attack,one_line,ice,,,,,
タンボリル,A,41,1,,ロングシュート,1,,attack,one_rear,,,,,,
,,,,,,,,,,,,,,,
#モアネット救援,,,,,,,,,,,,,,,
,,,,,,,,,,,,,,,
クラウディア,M,70,1,d,パッションスペル,1,,attack,range_line,,,,,,
シェアラ,F,90,1,d,ウェルスエッジ,2,,attack,range_self,,,,,,
ベラ,M,71,1,,ブルームーン,2,,attack,range_all,ice,charge,,,,
モアネット,F,91,1,d,オーダーアッパー,2,,attack,one_short,add_push,,,,,
,,,,,,,,,,,,,,,
マリーダ,F,92,1,d,グランドクラッシュ,3,,attack,one_short,,,,,,
パトリシア,A,42,1,d,ストライクアロー,2,,attack,one_rear,,,,,,
,,,,,,,,,,,,,,,
# 魔神アグダラ戦,,,,,,,,,,,,,,,
,,,,,,,,,,,,,,,
オルオレータ,A,43,1,d,ディ・アルカス,2,,attack,range_drop,,,,,,
アグダラ,F,93,1,d,フォルテスパーダ,2,,attack,range_dash,add_down,,,,,ダウンはアビリティで付与
,,,,,,,,,,,,,,,
# ツル姫と夏祭り,,,,,,,,,,,,,,,
,,,,,,,,,,,,,,,
アンジェリカ,F,94,1,d,デモンスマイル,2,,attack,one_short,add_down,,,,,
ベルナデット,F,95,1,d,ラブボンバー,1,,attack,range_explosion,,,,,,
トウカ,F,96,1,d,無音の剣,2,,attack,one_dash,add_push,,,,,
ロレッタ,F,97,1,,デストロイスマッシュ,3,,attack,one_short,add_down,,,,,
ソーニャ,F,98,1,d,プロミネンスドライブ,2,,attack,range_dash,fire,,,,,
リフレット,K,56,1,d,サンプレッシャー,2,,attack,range_self,add_push,,,,,
ツル,F,99,1,d,姫の一喝,1,,buff,all,aup,,,,,
,,,,,,,,,,,,,,,
ユカチ,M,72,1,d,ストップ・ザ・タイム,2,,attack,range_all,add_slow,charge,,,,
カナーン,K,57,1,d,リュースブレード,1,,attack,range_forward,,,,,,
ソリティー,M,73,1,d,リバットブルー,2,,attack,range_explosion,,,,,,
,,,,,,,,,,,,,,,
範馬刃牙,F,100,1,,エンドルフィン,2,,buff,self,aup,,,,,
,,,,,,,,,,,,,,,
# 2部2章,,,,,,,,,,,,,,,
,,,,,,,,,,,,,,,
リンリー,F,101,1,,六陽大招拳,2,,attack,one_combination,add_push,,,,,HP80%以下で1回だけ消費マナ1
モルガン,K,58,1,,ヴァーミリオンヒット,1,,attack,range_self,,,,,,
バルトロ,A,44,1,,ジェネラス・バースト,3,,attack,one_line,fire,shield_break,add_push,,,弾き飛ばしはアビリティで付与
ミラ,A,45,1,d,クイックシルエット,2,,buff,self,aup,delayoff,,,,
ヘリシティー,M,74,1,,ヴォルテックス,3,,attack,range_forward,ice,add_down,,,,ダウン追加は砂浜/船上/海中のみ
,,,,,,,,,,,,,,,
キオラ,F,102,1,d,アサルトステップ,2,,attack,range_dash,add_push,,,,,
グローリア,F,103,1,d,ファンデヴ・ジェーレ,1,,attack,one_short,add_push,,,,,
ティア,K,59,1,d,ヴィントシュトース,1,,attack,range_jump,add_push,,,,,
ヴィオレッタ,K,60,1,d,フォンダルテーレ,1,,attack,one_combo,,,,,,
コンスタンサ,A,46,1,d,バーストロアー,2,,attack,one_line,shield_break,,,,,
アラクネー,M,75,1,d,フォールンカーズ,1,,attack,one_line,add_curse,,,,,
,,,,,,,,,,,,,,,
ニウ,F,104,1,,フリーダッシュ,1,,attack,range_dash,,,,,,
ロッタ,F,105,1,,チアリングスマイル,1,,buff,random,aup,dup,,,,
ガイ,F,106,1,,バスタースマッシュ,2,,attack,one_short,add_push,,,,,
レン,F,107,1,,バーニングナックル,1,,attack,one_short,fire,add_push,,,,
メイビア,F,108,1,,メイビアボトム,2,,attack,one_short,add_down,,,,,
ガスパール,F,109,1,,トリックダガー,2,,attack,one_combo,,,,,,
ディラン,F,110,1,,ハードカットラス,2,,attack,one_short,add_slow,,,,,スロウはアビリティで付与
ドミニック,F,111,1,,スカットル,1,,attack,one_short,,,,,,
アーネスト,F,112,1,,マグナムレイジ,3,,attack,one_short,,,,,,
アブエロ,K,61,1,,海面断絶斬,3,,attack,range_forward,,,,,,
リュキシー,K,62,1,,スラッシュウェーブ,2,,attack,range_forward,add_push,,,,,
シャントゥール,A,47,1,,魅惑の歌,1,,song_dance,adup,,,,,,
ヴィクトリア,A,48,1,,エイミングショット,2,,attack,one_line,,,,,,
マリアン,A,49,1,,バレージショット,1,,buff,self,aup,delayoff,,,,
ラルダ,A,50,1,,リビドーダンス,2,,song_dance,aup,guard_fire,,,,,
ダビド,A,51,1,,ハードスナイプ,2,,attack,one_rear,,,,,,
アメリア,P,30,1,,ハイヒール,2,,heal,all_instant,,,,,,
ハンジ,P,31,1,,キュア,1,,heal,one_worst,,,,,,
メレディス,M,76,1,,シェルスクリーン,2,,barrier,all,guard_fire,guard_ice,,,,
ジーナ,M,77,1,,ティンクルスター,1,,attack,range_all,,,,,,
,,,,,,,,,,,,,,,
ブロッサム,F,113,1,,ダッシュアタック,2,,attack,one_dash,,,,,,
ジャン,A,52,1,,ストレングスアロー,2,,attack,one_line,,,,,,
リスフィン,A,53,1,,ハードスナイプ,2,,attack,one_rear,,,,,,
マール,P,32,1,,ヒール,1,,heal,all_instant,,,,,,
ハヴェル,M,78,1,,スパイラルランサー,2,,attack,range_line,,,,,,
,,,,,,,,,,,,,,,
リネイア,F,114,1,d,天昇斬,1,,attack,one_jump,add_push,,,,,
,,,,,,,,,,,,,,,
# アトリエ「黄昏シリーズ」コラボ,,,,,,,,,,,,,,,
,,,,,,,,,,,,,,,
ロジー,F,115,1,,デュアルブラスト,1,,attack,one_combo,add_poison,,,,,
エスカ,M,79,1,,エーテルスピア,2,,attack,range_line,,,,,,
シャルロッテ,F,116,1,,バーニングフラム,2,,attack,range_self,fire,,,,,
アウィン,F,117,1,,∞スパイラル,3,,attack,one_short,,,,,,
シャリステラ,M,80,1,,イニシエイトグラム,2,,attack,range_drop,,,,,,
アーシャ,P,33,1,,失われた神々の霊薬,1,,heal,all_instant,cure_poison,aup,,,,
ウィルベル,M,81,1,,シークレットアーツ,3,,attack,range_line,,,,,,
,,,,,,,,,,,,,,,
# ver2.1精霊島追加,,,,,,,,,,,,,,,
,,,,,,,,,,,,,,,
レアーオ,K,63,1,d,リュミエルシュペア,1,,attack,range_line,add_blind,,,,,
トレランシア,P,34,1,d,フォレストヒール,1,,heal,all_instant,aup,cure_slow,,,,
キャン,F,118,1,d,マッハルーヴ,1,,attack,one_dash,add_slow,,,,,
コネリ,A,54,1,,ホワイトインパクト,2,,attack,one_line,,,,,,
,,,,,,,,,,,,,,,
パメラス,K,64,1,d,ロイヤリティスラッシュ,3,,attack,one_short,,,,,,
メガドライブ,M,82,1,,ショックトライアングル,2,,attack,one_combo,add_slow,,,,,
,,,,,,,,,,,,,,,
# 絶対絶望少女コラボ,,,,,,,,,,,,,,,
,,,,,,,,,,,,,,,
ジェノサイダー翔,F,119,1,,チョッキンフィーバー,2,,attack,one_combination,,,,,,
苗木こまる,A,55,1,,送電麻痺（シビレロ）,3,,attack,range_line,add_slow,,,,,
苗木誠,F,120,1,,ロンパ,1,,attack,range_self,,,,,,
召使い,F,121,1,,希望の為の犠牲,2,,attack,range_explosion,,,,,,
十神白夜,A,56,1,,羨望の発言力,1,,buff,all,aup,defdown,,,,
腐川冬子,P,35,1,,妄想ドリーム,1,,heal,all_instant,cure_weaken,,,,,
モノクマ,F,122,1,,モノクロノブレード ,2,,attack,one_dash,,,,,,
,,,,,,,,,,,,,,,
セガサターン,M,83,1,,ツインスティック,1,,attack,range_line,,,,,,
ビジュアルメモリ,P,36,1,,リキッドクリスタル,2,,heal,all_instant,cure_blind,,,,,
ゲームギア,M,84,1,,レインボウビジョン,3,,attack,range_forward,fire,,,,,
,,,,,,,,,,,,,,,
シャーリー,M,85,1,d,ブラステッド,3,,attack,range_drop,,,,,,
セラカ,K,65,1,,エインシェントクロス,3,,attack,range_self,add_push,,,,,
バリキ,F,123,1,d,剛爆熱波紅蓮斬,3,,attack,one_short,fire,,,,,
キャス,M,86,1,d,クリムゾンロッド,2,,attack,range_dash,,,,,,
エフィメラ,M,87,1,d,エアリアル,3,,attack,range_self,add_push,,,,,
,,,,,,,,,,,,,,,
# 砂漠の秘宝,,,,,,,,,,,,,,,
,,,,,,,,,,,,,,,
カリファ,K,66,1,d,アブルアクラ,2,,attack,one_short,add_down,,,,,
ムニール ,F,124,1,d,シャトバール,2,,attack,range_self,ice,,,,,
タリシュガ,F,125,1,d,ジハーブ,1,,attack,range_dash,,,,,,
シェスメト,M,88,1,d,インバラトゥーラ,1,,attack,range_drop,add_blind,,,,,暗闇はアビリティで付与
,,,,,,,,,,,,,,,
シュラッカ,A,57,1,d,めておしゅーと,3,,attack,one_random,add_down,,,,,
,,,,,,,,,,,,,,,
# 閃の軌跡IIコラボ,,,,,,,,,,,,,,,
,,,,,,,,,,,,,,,
リィン,F,126,1,,蒼焔の太刀,2,,attack,one_combination,fire,add_push,,,,
アリサ,A,58,1,,ジャッジメントアロー,2,,attack,range_random,,,,,,
,,,,,,forward,,attack,one_line,,,,,,
ラウラ,K,67,1,,真・洸刃乱舞,3,,attack,one_combo,,,,,,
,,,,,,forward,,attack,range_self,,,,,,
フィー,F,127,1,d,シルフィードダンス,2,,attack,one_dash,,,,,,
,,,,,,forward,,attack,range_self,,,,,,
トワ,A,59,1,d,レインボーショット,1,,attack,range_line,,,,,,
クレア,A,60,1,d,フリジットレイン,2,,attack,range_drop,ice,add_freeze,,,,
エリオット,P,37,1,d,レゾナンスビート,2,,heal,all_cycle,,,,,,
,,,,,,,,,,,,,,,
ドリームキャスト,K,68,1,,ドリームブレイド,2,,attack,range_forward,,,,,,
,,,,,,,,,,,,,,,
# 2部3章,,,,,,,,,,,,,,,
,,,,,,,,,,,,,,,
ユギギ,F,128,1,d,クロキハカイノツメ　,2,,attack,one_combination,,,,,,
,,,,d,,forward,,buff,self,delayoff,,,,,
テリリア,F,129,1,d,コマンドフェッチ,1,,attack,range_dash,,,,,,
シェギギム,F,130,1,d,ローリングフェイス,3,,attack,range_self,add_down,,,,,
,,,,d,,forward,マナ4つ以下,attack,range_self,add_down,,,,,
グララオ,F,131,1,,タイガーアッパー,2,,attack,one_short,add_down,add_push,,,,
,,,,,,,,,,,,,,,
チロルル,F,132,1,d,オーダーメイド,1,,buff,all,aup,,,,,
オウララ,F,133,1,d,クールランス,2,,attack,range_dash,ice,,,,,
キココナ,F,134,1,d,フォックステイル,2,,attack,range_self,,,,,,
ディシシヤ,F,135,1,d,ビーストラッシュ,2,,attack,one_combo,,,,,,
レジジ,F,136,1,d,序ノ撃・獣痺拳,1,,attack,one_short,add_slow,,,,,スロウはアビリティで付与
リジジ,F,137,1,d,終ノ撃・獣飛掌,2,,attack,range_line,add_push,,,,,
ニュガガス,M,89,1,d,炎精大召喚,3,,attack,range_drop,fire,,,,,
,,,,,,,,,,,,,,,
ラミミス,F,138,1,,オーバーヒート,3,,attack,range_forward,fire,,,,,
ネジジア,F,139,1,,ラストスクラッチ,1,,attack,one_combo,,,,,,
ゼシシラ,F,140,1,,キャットベール,1,,buff,self,aup,,,,,毒/スロウ/暗闇無効
クルルア,A,61,1,,バリューショット,2,,attack,one_rear,add_slow,,,,,
ニリリス,M,90,1,,殺生石杖,1,,attack,range_forward,add_poison,add_slow,add_blind,,,スロウ/暗闇はアビリティで付与
パモモイ,M,91,1,,ブラインシュート,2,,attack,range_line,add_blind,,,,,
ユルルガ,M,92,1,,フォーユピテル,3,,attack,one_line,,,,,,
フリリム,P,38,1,,ヘイストヒール,1,,heal,all_instant,cure_slow,,,,,
ミリリア,P,39,1,,オートヒール,1,,heal,all_cycle,,,,,,
,,,,,,,,,,,,,,,
ジルルア,F,141,1,,ハンドナックル,1,,attack,one_short,,,,,,
ビゾゾエ,A,62,1,,ビゾゾエリサイタル,2,,song_dance,add_poison,,,,,,
コルルリ,A,63,1,,狼少女の叫び,2,,buff,all,aup,,,,,
,,,,,,,,,,,,,,,
リンセ,F,142,1,d,ニャインライブス,1,,attack,one_combo,,,,,,
ニコル,M,93,1,d,ハッピーギフト,1,,heal,all_instant,,,,,,
,,,,d,,forward,,barrier,all,guard_ice,guard_freeze,,,,
,,,,,,,,,,,,,,,
# 魔神フロガビトゥス戦,,,,,,,,,,,,,,,
,,,,,,,,,,,,,,,
ギン,F,143,1,d,連舞・姫檜扇,2,,attack,one_combination,,,,,,
ドルテ,F,144,1,d,ファンククラッシュ,1,,attack,range_explosion,,,,,,
フロガビトゥス,K,69,1,d,アステイオス,2,,attack,range_line,add_push,,,,,
,,,,,,,,,,,,,,,
ツガル,F,145,1,d,雷光手奏法,1,,song_dance,scup,,,,,,HP半分以下で効果時間延長
メリオ,A,64,1,,スリーピングシープ,2,,attack,one_line,add_down,,,,,
,,,,,,,,,,,,,,,
# 九領外伝フェス,,,,,,,,,,,,,,,
,,,,,,,,,,,,,,,
ズイハ,A,65,1,d,大弓天をも穿つ,2,,attack,one_line,pain,,,,,HPが高いほど威力上昇
シドウ,F,146,1,d,裏式・闇時雨,3,,attack,one_combo,,,,,,
ユミコ,M,94,1,d,冥導黒衝波,1,,attack,one_line,add_curse,,,,,
,,,,,,,,,,,,,,,
アイレ,A,66,1,d,ディヴェント,1,,buff,all,aup,,,,,
,,,,d,,forward,HP100%,attack,one_line,,,,,,
,,,,,,,,,,,,,,,
# 魔神タリビク戦,,,,,,,,,,,,,,,
,,,,,,,,,,,,,,,
ファルナーズ,K,70,1,d,アパッショナート,2,,attack,range_self,,,,,,
タリビク,A,67,1,d,ア・ピアチェーレ,1,,song_dance,asup,,,,,,
,,,,d,,forward,,buff,self,aup,,,,,
,,,,,,,,,,,,,,,
ヴェスパ,K,71,1,d,レジナ・デル・ベレーノ,1,,attack,range_forward,add_poison,,,,,
ドゥルセ,M,95,1,d,ドルチェフェスタ,2,,barrier,all,guard_blind,guard_slow,guard_weaken,,,
,,,,d,,forward,,attack,range_all,charge,,,,,
,,,,,,,,,,,,,,,
# ラジオコラボ,,,,,,,,,,,,,,,
,,,,,,,,,,,,,,,
リヒト,P,40,1,,グランツァイト,1,,attack,range_forward,,,,,,
ファルベ,M,96,1,,シーセン・ハイト,2,,attack,range_line,heal_all,,,,,
ハンフ,F,149,1,d,フォル・モーント,2,,attack,range_jump,add_push,,,,,
ロッソ＝ロッソ,F,150,1,d,シアリングブラッド,2,,attack,range_self,fire,add_push,,,,
レミラ,K,72,1,d,兵糧補給,2,,heal,all_instant,cure_poison,,,,,
リノセ,K,73,1,d,突進,2,,attack,range_dash,add_push,,,,,
ザイド,A,68,1,d,トラースホッブ,2,,attack,range_random,,,,,,
ヨイチ,A,69,1,d,朧一矢,1,,attack,range_forward,,,,,,
パルマー,M,97,1,d,ブレインストーム,1,,attack,range_line,add_push,,,,,弾き飛ばしはアビリティで付与
,,,,,,,,,,,,,,,
# 羽ばたく自由の鷹,,,,,,,,,,,,,,,
,,,,,,,,,,,,,,,
ミノア,K,74,1,d,ピュリファイスピア,2,,attack,range_dash,add_push,,,,,
レリアン,K,75,1,d,イグゼキュート,2,,attack,range_forward,,,,,,
ソール,K,76,1,,ラストスタンド,1,,buff,all,dup,,,,,HP半分以下で効果時間延長
ディード,K,77,1,d,スカイハイトヴィント,3,,attack,one_combo,add_slow,,,,,
,,,,d,,forward,,attack,range_dash,add_push,,,,,
,,,,,,,,,,,,,,,
マスターシステム,A,70,1,,サラウンドサウンドシャワー,1,,song_dance,dup,guard_fire,,,,,
エールイ,M,98,1,d,アイスカタフラクト,2,,buff,all,add_ice,dup,,,,
,,,,,,,,,,,,,,,
# 2部4章,,,,,,,,,,,,,,,
,,,,,,,,,,,,,,,
タチアナ,A,71,1,,ポイズンプリズン,1,,area,continual,add_poison,,,,,
アリシア,A,72,1,,デス・ガンプリズン,2,,area,continual,add_slow,,,,,
,,,,,,forward,,attack,range_random,,,,,,
ボムボマー,A,73,1,d,カタストロフ,1,,area,trap,fire,add_blind,,,,最初の3回のみ2個設置
ドーリィ,A,74,1,d,イノセンクロス,2,,attack,one_line,,,,,,
,,,,d,,forward,,attack,range_blast,,,,,,
,,,,,,,,,,,,,,,
ゾーイ,F,147,1,d,ブラッドリッパー,1,,attack,range_self,,,,,,
ヴァリー,F,148,1,d,デュエルプリズン,1,,area,debuff,defdown,,,,,
,,,,d,,forward,,attack,one_combo,,,,,,
セスト,A,75,1,d,スナイプテリトリー,2,,area,buff,aup,,,,,
,,,,d,,forward,,attack,one_line,shield_break,,,,,
キース,A,76,1,d,クイックボム,1,,area,trap,add_poison,,,,,
エレオノーラ,A,77,1,d,ダークプリズン,1,,area,continual,add_blind,,,,,
エリシャ,P,41,1,d,リアクティブハイヒール,2,,heal,all_reaction,,,,,,
,,,,,,,,,,,,,,,
イラリオン,F,151,1,,エンディスラフト,1,,attack,one_short,add_slow,,,,,
ハーディー,F,152,1,,ファルバルフォール,2,,attack,one_combo,add_poison,,,,,
ジェラルド,K,78,1,,ヴァンスサーベル,2,,attack,range_forward,add_blind,,,,,
レオン,K,79,1,,ジャリアチャージ,2,,attack,range_dash,add_push,,,,,
ローゼマリー,K,80,1,,ワードレスカット,1,,attack,range_self,,,,,,
アンセルム,A,78,1,,ストリングスショット,2,,attack,one_line,kill_pierce,,,,,
ゼハティ,A,79,1,,ブレイクショット,1,,attack,one_line,shield_break,,,,,
ヴィリヘルム ,P,42,1,,オープンヒール,1,,heal,all_instant,cure_seal,,,,,
カミラ,M,99,1,,天の怒り,3,,attack,range_all,charge,,,,,
,,,,,,,,,,,,,,,
チョコロロ,F,153,1,,ラピッドラッシュ,1,,attack,one_combo,,,,,,
サンディ,A,80,1,,デッドライティング,1,,attack,one_line,add_poison,,,,,
ザカリー,A,81,1,,ポジティブショット,2,,attack,one_line,,,,,,
,,,,,,,,,,,,,,,
セガ・マークIII,A,82,1,,ゴールドカートリッジ,2,,attack,range_random,fire,,,,,
,,,,,,,,,,,,,,,
# 七つの大罪コラボ,,,,,,,,,,,,,,,
,,,,,,,,,,,,,,,
メリオダス,K,81,1,d,神千斬り,2,,attack,one_combo,fire,,,,,
,,,,d,,forward,,attack,range_line,fire,,,,,
バン,F,154,1,d,バニシング・キル,3,,attack,one_combo,,,,,,
,,,,d,,forward,,attack,range_line,add_push,,,,,
キング,M,100,1,d,炸裂する刃雨,2,,attack,range_line2,,,,,,
,,,,d,,forward,,attack,range_line,,,,,,
ディアンヌ,F,155,1,d,大地の怒号,2,,area,obstacle,,,,,,
,,,,d,,forward,,attack,range_forward,,,,,,
ホーク,F,156,1,,スーパー・ロース・イリュージョン,1,,attack,one_dash,,,,,,
ギルサンダー,K,82,1,d,雷帝の鉄槌,3,,attack,one_short,add_slow,add_down,add_push,,,
エリザベス,P,43,1,d,巫女の力,1,,heal,all_instant,cure_down,,,,,
,,,,,,,,,,,,,,,
ルーノ,K,83,1,d,ホーリーレイ,2,,attack,range_drop,,,,,,
,,,,,,,,,,,,,,,
# 討伐戦,,,,,,,,,,,,,,,
,,,,,,,,,,,,,,,
ハルアキ,F,157,1,d,霞の刃・晴嵐,1,,attack,one_combo,,,,,,HP半分以上で威力上昇
トウカ,F,158,1,d,無音の剣・雪時雨,2,,attack,range_dash,add_push,,,,,
イザヤ,M,101,1,d,終焉の福音,2,,attack,range_line2,,,,,,
,,,,d,,forward,,barrier,all,,,,,,
ビエンタ,M,102,1,,オープンコンバット,1,,attack,one_line,,,,,,
,,,2,d,リモートエンゲージ,1,最後列にいる,buff,all,asup,,,,,
ラビィ,K,84,1,d,エアスラッシュ,1,,attack,range_forward,,,,,,
フェイスレス,A,83,1,d,ジョーカーフラッシュ,2,,attack,range_forward,add_push,,,,,
ミニモ,M,103,1,d,ジェンティレッツァ,1,,attack,one_line,heal_all,,,,,
ラファーガ,F,159,1,d,ギガインパクト,3,,attack,one_short,add_push,,,,,
,,,,,,,,,,,,,,,
カスガ,F,160,1,d,看板娘の腕っぷし,1,,attack,range_dash,add_slow,,,,,
,,,,,,,,,,,,,,,
# 大海チェインストーリーフェス,,,,,,,,,,,,,,,
,,,,,,,,,,,,,,,
マレーナ,F,161,1,,ライトニングピアス,2,,attack,one_dash,return_position,,,,,
クララ,M,104,1,,パロスパルサー,2,,attack,one_line,heal_all,,,,,
オーガスタス,A,84,1,d,ダブルアクション,1,,buff,self,delayoff,atkdown,,,,
,,,,,,,,,,,,,,,
ノエル,P,44,1,,オートハイヒール,2,,heal,all_cycle,,,,,,
,,,,,,,,,,,,,,,
# 魔神アルフィン戦,,,,,,,,,,,,,,,
,,,,,,,,,,,,,,,
シャウナ,M,105,1,d,シューティング・クエーサー,2,,attack,one_line,,,,,,
,,,,d,,forward,,attack,range_blast,,,,,,
アルフィン,M,106,1,,ピースハンマー,2,,attack,one_short,add_push,add_down,,,,HP半分以下で魔法属性＋ダウン追加
,,,d,,ピースハンマー,2,,attack,one_short,add_down,add_push,,,,
,,,,,,,,,,,,,,,
モルシェラ,A,85,1,d,アルシャトレッロ,3,,attack,range_random,,,,,,
,,,,,,,,,,,,,,,
# 監獄カジノオープン,,,,,,,,,,,,,,,
,,,,,,,,,,,,,,,
キャンディス,A,86,1,d,ピンホールショット,1,,attack,one_line,kill_pierce,,,,,
バラクーダ,F,162,1,,シガントテラー,2,,attack,range_dash,add_poison,,,,,砂浜/船上/海中だとダッシュ距離増加
コラール,M,107,1,,バーストコルノ,1,,attack,range_forward,,,,,,
,,,,,,,,,,,,,,,
# 迷宮山脈とゴブリンの王国,,,,,,,,,,,,,,,
,,,,,,,,,,,,,,,
ルチア,F,163,1,d,クレッシェレ,1,,attack,one_short,,,,,,マナ保持で威力上昇
グリダ,F,164,1,d,スプレンドーレ,2,,attack,range_self,add_push,,,,,
ピピ,M,108,1,d,ウィントフラム,2,,attack,range_drop,fire,,,,,
オルガ,F,165,1,d,グランドプレス,2,,attack,range_self,charge,,,,,
,,,,,,,,,,,,,,,
ガーランド,K,85,1,d,リバースポイニクス,1,,attack,range_forward,fire,,,,,
,,,,,,either,HP半分以下,barrier,self,invincible,,,,,
,,,,,,,,,,,,,,,
# 500万DL記念,,,,,,,,,,,,,,,
,,,,,,,,,,,,,,,
ファティマ,M,109,1,,スターマイン,3,,attack,laser,add_slow,,,,,スロウは専用武器アビリティで付与
,,,d,,スターマイン,3,,attack,laser,,,,,,
,,,,,,,,,,,,,,,
# 2部5章,,,,,,,,,,,,,,,
,,,,,,,,,,,,,,,
リン,M,110,1,d,アレティスク,3,,attack,range_random,,,,,,
ピノ,M,111,1,,レクスフラング,2,,buff,restoration,aup,,,,,3体で1つ
セト,M,112,1,d,ミラージュファンタズム,2,,field,beach,aup,,,,,
,,,,,,either,フィールドが砂浜,attack,range_line2,,,,,,
ラナ,M,113,1,,シャイニーボルト,1,,attack,range_drop,add_slow,,,,,
,,,,,,forward,マナ4つ以上,attack,one_nearest,add_slow,,,,,
ザラ,M,114,1,,リミットフレイム,3,,attack,range_explosion,add_down,add_push,,,,HP30%以下で消費マナ2 / 状態異常はアビリティで付与
トア,P,45,1,d,エクストラヒーリング,1,,heal,all_cycle,cure_poison,cure_blind,cure_slow,,,
,,,,,,,,,,,,,,,
キリ,F,166,1,d,グランスラッシュ,2,,attack,range_jump,,,,,,
アト,K,86,1,d,プロテクトレイ,1,,barrier,all,guard_blind,guard_weaken,,,,
アン,A,87,1,d,ミックスクラム,2,,buff,restoration,aup,,,,,4体で2つ
テラ,P,46,1,d,ビルドヒール,1,,heal,all_instant,aup,,,,,
ドリ,M,115,1,d,エポックドロー,1,,field,forest,,,,,,
,,,,,,either,フィールドが森林,attack,range_line,,,,,,
ロズ,M,116,1,d,アストフラム,3,,buff,restoration,aup,,,,,5体で3つ
,,,,,,,,,,,,,,,
ジリ,F,167,1,,ウィンドブレード,2,,attack,one_dash,add_push,,,,,
コト,F,168,1,,エリアルナックル,2,,attack,one_short,add_down,add_push,,,,
ルイ,P,47,1,,プロテクトヒール,2,,heal,all_instant,dup,,,,,
ハグ,P,48,1,,ホワイトヒール,1,,heal,all_instant,cure_blind,,,,,
サニ,M,117,1,,アストラルシュート,2,,attack,range_line2,,,,,,
ケナ,M,118,1,,フォトンクラック,2,,attack,range_line,add_slow,,,,,
ジズ,M,119,1,,ショックウェイブ,1,,attack,range_forward,,,,,,
シナ,M,120,1,,アークストリーム,3,,attack,range_drop,,,,,,
キア,M,121,1,,リーサルスペル,2,,attack,range_explosion,,,,,,
フイ,M,122,1,,オーラヴィジョン,1,,barrier,all,guard_blind,guard_slow,,,,
ナリ,M,123,1,,ミスティフレア,2,,buff,restoration,aup,,,,,3体で2つ
チル,M,124,1,,シュガーランス,1,,attack,range_line,,,,,,
ラス,M,125,1,,アルティシュート,3,,attack,range_line,,,,,,
,,,,,,,,,,,,,,,
ルト,F,169,1,,ブレイブセバー,1,,attack,one_short,,,,,,
ネノ,M,126,1,,フレアオーラ,1,,attack,range_line,fire,,,,,
カヌ,M,127,1,,リバイタライズ,2,,buff,all,aup,,,,,
,,,,,,,,,,,,,,,
# 魔神タクリタン戦,,,,,,,,,,,,,,,
,,,,,,,,,,,,,,,
シュレン,F,170,1,d,帝蓮刃,2,,attack,one_combination,,,,,,HP半分以下で威力上昇
フリーダ,M,128,1,,アルケーブウェイン,2,,attack,one_line,,,,,,
,,,,,,either,マナ4つ以上,attack,range_drop,,,,,,
マトイ,F,171,1,d,忍法ソラカケ,3,,attack,one_jump,,,,,,
ハヤテ,F,172,1,d,護刀・疾風斬,1,,attack,one_combo,,,,,,
パルゥ,A,88,1,d,ヴェノムフィア,1,,attack,range_random,add_poison,,,,,
タクリタン,M,129,1,d,ベスニーヴァ,1,,field,dimension,,,,,,
,,,,,,either,フィールドが異空間,attack,range_drop,,,,,,
,,,,,,,,,,,,,,,
レガレ,M,130,1,d,レガーロアリーガ,3,,attack,one_line,add_push,,,,,
,,,,,,,,,,,,,,,
# 2周年記念,,,,,,,,,,,,,,,
,,,,,,,,,,,,,,,
ロレッタ,F,173,1,d,デストロイブレーカー,2,,attack,one_short,,,,,,
,,,,d,,forward,,attack,range_drop,shield_break,,,,,
ニンファ,F,174,1,,ハッピーブレイズ,1,,attack,range_self,,,,,,
,,,,,,either,マナ7つ以上,attack,one_short,,,,,,
アルドラ,M,131,1,d,ヴィレユニヴェール,2,,attack,range_all,,,,,,
,,,,d,,forward,,area,buff,aup,,,,,
ナックル,K,87,1,d,ゴールデンタックル,1,,attack,range_line,add_push,,,,,
,,,,,,,,,,,,,,,
# ケ者チェインストーリーフェス,,,,,,,,,,,,,,,
,,,,,,,,,,,,,,,
ガルルア,F,175,1,d,ガルルスライス,2,,attack,one_combo,,,,,,
シャロララ,F,176,1,d,ピーティクルリット,2,,attack,range_jump,,,,,,
,,,,d,,forward,マナ3つ以上,attack,range_jump,,,,,,
フォリリネ,F,177,1,d,リグナ・ルナール,1,,attack,range_short,add_push,,,,,
ザリリオ,F,178,1,d,デリスダンク,3,,attack,range_self,add_slow,,,,,
,,,,,,,,,,,,,,,
アスルトルナ,F,179,1,d,マレディクスィオン,3,,attack,one_short,add_curse,,,,,
,,,,,,,,,,,,,,,
# ブレイブフロンティアコラボ,,,,,,,,,,,,,,,
,,,,,,,,,,,,,,,
ヴァルガス,F,180,1,,イグニードヴァイザー,2,,attack,one_combination,fire,,,,,
ルナリス,M,132,1,,マルチバース,1,,attack,range_self,add_blind,,,,,
セリア,F,181,1,,ガーネットブレイザー,1,,attack,range_forward,fire,,,,,
カル,K,88,1,,真・魔神蒼破斬,2,,attack,one_short,ice,,,,,
,,,,,,forward,,attack,range_self,ice,,,,,
,,,,,,forward,,attack,range_forward,ice,,,,,
ティリス,P,49,1,,プリティバトルクリスタルキッス♪,3,,heal,all_cycle,asup,restoration,,,,
,,,,,,,,,,,,,,,
イビサム,F,182,1,d,ナンデヤネンインパクト,3,,attack,one_short,add_push,,,,,
バスマ,K,89,1,d,オモロイブリザード,2,,attack,range_all,add_freeze,,,,,敵味方含めて全員凍結・ダメージなし
,,,,,,,,,,,,,,,
ツヅミ,F,183,1,d,響鬼崩撃打,2,,attack,one_short,add_down,,,,,ダウンはアビリティで付与
,,,,,,,,,,,,,,,
# 魔神ロサビス戦,,,,,,,,,,,,,,,
,,,,,,,,,,,,,,,
ロザリア,F,184,1,d,アディリスクーペ,2,,attack,one_combo,add_slow,,,,,
,,,,d,,forward,,attack,one_short,,,,,,
ロサビス,K,90,1,d,グロスフェール,3,,attack,range_dash,add_push,,,,,
,,,,d,,forward,,buff,self,dup,,,,,
,,,,,,,,,,,,,,,
# フーコの夏祭り,,,,,,,,,,,,,,,
,,,,,,,,,,,,,,,
シンフォニア,K,91,1,d,アーティライト,3,,attack,one_line,,,,,,
ヴェルナー,M,133,1,d,ヴォルケーノ,2,,attack,range_line,fire,add_down,,,,
ユニ,M,134,1,d,アブソリュートゼロ,2,,attack,one_combo,ice,,,,,
ローエンディア,K,92,1,d,フルーレ,1,,attack,one_short,add_push,,,,,
エレミア,M,135,1,d,メイド式治療術,2,,heal,all_instant,cure_blind,,,,,
アリエッタ,P,50,1,d,ヘイストヒール,1,,heal,all_instant,cure_slow,,,,,
フーコ,F,185,1,d,くのいちのおうぎ,2,,attack,one_line,,,,,,
,,,,d,,forward,,attack,range_jump,add_down,,,,,一番遠い敵の目の前に飛ぶ
フィーナ,P,51,1,,クロノス,3,,attack,range_all,,,,,,
,,,d,,フラグメントクロノス,3,,attack,range_all,,,,,,
,,,,,,,,,,,,,,,
シュゾン,K,93,1,d,ソニックドライブ,1,,attack,one_combo,,,,,,
,,,,d,,forward,マナ7つ以上,attack,one_short,add_push,,,,,
,,,,,,,,,,,,,,,
# 罪の大陸新キャラ追加,,,,,,,,,,,,,,,
,,,,,,,,,,,,,,,
ホルスト,A,89,1,d,双銃闘術・衝式,3,,attack,contact_combination,add_push,,,,,敵陣だと消費マナ2
ヨハンナ,A,90,1,,ドラマティックプリズン,2,,area,continual,add_blind,,,,,
,,,,,,forward,,attack,range_line,,,,,,
ユディト,A,91,1,d,サン・ルヴァンシュ,2,,attack,one_line,add_down,kill_pierce,,,,
ベッツィー,F,186,1,d,ブラッドレイン,1,,attack,range_dash,,,,,,
,,,,,,,,,,,,,,,
# シャイニング・レゾナンスコラボ,,,,,,,,,,,,,,,
,,,,,,,,,,,,,,,
ジーナス,F,187,1,,竜気・煌爪斬,2,,attack,range_short,charge,,,,,
ゼスト,F,188,1,,バレットソウル,2,,attack,bullets,,,,,,
エクセラ,K,94,1,,ドラグーンダイブ,3,,attack,range_jump,,,,,,
ベアトリス,F,189,1,,光輪演武,2,,attack,one_combo,add_poison,,,,,
ゲオルグ,K,95,1,,ライバルアタック,1,,attack,range_forward,add_push,,,,,
マリオン,A,92,1,,チャージブラスター,2,,attack,one_line,kill_pierce,,,,,
ヨアヒム,P,52,1,,オペの時間,1,,heal,all_instant,dup,,,,,
,,,,,,,,,,,,,,,
ユーマ,F,190,1,,ドラゴンスクェア,3,,attack,range_self,add_down,,,,,
ソニア,K,96,1,,ミリオンスラスト,2,,attack,one_combination,,,,,,
キリカ,A,93,1,,閃煌,2,,attack,range_line,,,,,,
アグナム,F,191,1,,ヴァルブレイズ,1,,song_dance,sup,,,,,,
,,,,,,forward,,attack,one_line,fire,,,,,
レスティ,K,97,1,,凍気滅刃,2,,attack,range_forward,ice,add_down,,,,ダウンはアビリティで付与
リンナ,P,53,1,,エタニティウィンド,1,,heal,all_instant,aup,,,,,
,,,,,,,,,,,,,,,
ソニア,K,98,1,,神速の雷光,1,,attack,one_dash,add_slow,,,,,
キリカ,A,94,1,,秋詠歌「微笑みのなる樹」,1,,song_dance,dsup,guard_poison,,,,,
,,,,,,,,,,,,,,,
# 2部6章,,,,,,,,,,,,,,,
,,,,,,,,,,,,,,,
フェーベ,K,99,1,,ラーゼンヴィント,3,,attack,range_random,add_down,destroy_scrap,,,,2個
エレメンガルト,K,100,1,d,ツェーレシュトロム,1,,area,echo,create_scrap,,,,,1個
ケーテ,K,101,1,,ヴァイガーン,1,,attack,range_blast,create_scrap,,,,,2個
ハンネス,A,95,1,d,ヴルカーン,2,,attack,bombard,create_scrap,,,,,1個
オリヴィア,A,96,1,d,ハイリヒトゥーム,1,,area,trap,create_scrap,,,,,1個
,,,,,,,,,,,,,,,
アルトルム,F,192,1,d,ドゥエル,1,,attack,one_combination,create_scrap,,,,,1個
アリーナ,F,193,1,d,アイゼンフォスト,3,,attack,one_short,destroy_scrap,,,,,2個
ディートリンデ,K,102,1,d,ゲシュヴィント,2,,attack,range_dash,add_push,destroy_scrap,,,,2個
フロレンツィア,K,103,1,d,エントツュンデン,2,,attack,range_random,create_scrap,,,,,1個
フリードリッヒ,K,104,1,d,オー・マインケルパ,1,,heal,one_self,create_scrap,,,,,2個
エーリヒ,A,97,1,d,シャルフシィーシェン,2,,attack,one_line,add_push,create_scrap,,,,1個
ランドルフ,A,98,1,d,シュネルフォイヤー,2,,buff,self,destroy_scrap,,,,,1個
ミリヤム,A,99,1,d,ランツェカノネ,1,,attack,one_line,kill_pierce,,,,,
ビアンカ,P,54,1,d,フェータイディゲン,2,,heal,all_cycle,destroy_scrap,,,,,1個
,,,,,,,,,,,,,,,
クルト,F,194,1,,ヴィヒティッヒシャッツ,2,,attack,one_short,destroy_scrap,,,,,2個
オティーリエ,K,105,1,,ライナーシュラーク,3,,attack,range_line,create_scrap,,,,,1個
アンチェ,K,106,1,,レパラトゥーラハンマー,2,,attack,range_dash,destroy_scrap,,,,,1個
アニヤ,K,107,1,,アントヴォルト,1,,buff,random,create_scrap,,,,,1個
アレックス,K,108,1,,ドライファッハシュタンフェン,2,,attack,range_random,create_scrap,,,,,2個
カーヤ,K,109,1,,ツァーンラート,3,,attack,range_self,,,,,,
イリーネ,A,100,1,,マシーネリーコンツェルト,2,,song_dance,adsup,,,,,,
レーネ,A,101,1,,ゼクスフォイヤー,2,,attack,one_line,,,,,,
ラース,P,55,1,,ベハンドルング,1,,heal,all_instant,cure_down,,,,,
,,,,,,,,,,,,,,,
ツィスカ,K,110,1,,ウンクラオト,2,,attack,range_short,,,,,,
エッケハルト,A,102,1,,エントデックング,3,,attack,one_line,create_scrap,,,,,1個
,,,,,,,,,,,,,,,
ライラック,K,111,1,d,リラ・エクレール,2,,attack,range_self,charge,add_blind,,,,
,,,,,,,,,,,,,,,
# 九領キャラ追加,,,,,,,,,,,,,,,
,,,,,,,,,,,,,,,
ミシマ,F,195,1,d,海斬波,1,,attack,range_explosion,,,,,,
,,,,d,,forward,,buff,self,,,,,,
ムラクモ,F,196,1,d,紫雲の太刀,2,,attack,one_combo,add_down,,,,,ダウンはアビリティで付与
,,,,d,,forward,,attack,one_combo,add_down,,,,,一番近い敵の前に移動 / ダウンはアビリティで付与
クズノハ,M,136,1,,呪式・昏々祟り,1,,attack,range_line,add_curse,,,,,
キョウカ,F,197,1,d,献妻の一撃,2,,attack,one_short,,,,,,
,,,,d,,either,マナ4つ以下,attack,one_short,add_down,,,,,ダメージ増加
エンクウ,P,56,1,d,鬼僧の馳走,1,,heal,all_instant,cure_down,,,,,
,,,,,,,,,,,,,,,
# 竜徹フェス,,,,,,,,,,,,,,,
,,,,,,,,,,,,,,,
フリージア,M,137,1,,コキュートスドライブ,2,,attack,range_all,add_freeze,,,,,凍結はアビリティで付与
,,,,,,,,,,,,,,,
# お菓子とおばけと子供たち,,,,,,,,,,,,,,,
,,,,,,,,,,,,,,,
テルー,M,138,1,d,ピーク・ア・ブゥ,1,,attack,one_random,add_curse,return_position,,,,
シュガー,M,139,1,d,スウィートギフト,2,,attack,one_combo,,,,,,
,,,,d,,forward,,attack,one_short,add_push,,,,,
,,,,,,,,,,,,,,,
# アトリエ「アーランドシリーズ」コラボ,,,,,,,,,,,,,,,
,,,,,,,,,,,,,,,
トトリ,M,140,1,d,デュプリケイト,2,,buff,restoration,acup,,,,,4体で2つ
メルル,M,141,1,d,パワーアイテム,2,,attack,range_drop,,,,,,
,,,,d,,either,マナ4つ以上,attack,range_drop,,,,,,ダメージ増加
ステルク,K,112,1,d,ガイアブレイク,3,,attack,one_combo,,,,,,
,,,,,,forward,,attack,one_short,charge,add_push,add_down,,,
ミミ,F,198,1,d,ブリッツシュトース,2,,attack,range_forward,,,,,,
クーデリア,A,103,1,d,クロスファイア,2,,attack,range_blast,,,,,,
ケイナ,P,57,1,d,幸せの歌,1,,heal,all_instant,acup,,,,,能力UPは魔のみ
,,,,,,,,,,,,,,,
ロロナ,M,142,1,d,エンゼルシュート,2,,attack,range_forward,,,,,,
ロロナ,M,143,1,d,錬金術士のひらめき,1,,attack,range_forward,,,,,,
,,,,d,,either,3Chain以上,attack,range_forward,,,,,,ダメージ・効果範囲増加
,,,,,,,,,,,,,,,
リュドミラ,F,199,1,d,ブラッディプリズン,1,,area,continual,,,,,,
ナナイ,M,144,1,d,マイトトキシン,1,,attack,range_line,add_poison,,,,,
,,,,,,,,,,,,,,,
# ショートストーリーズフェス,,,,,,,,,,,,,,,
,,,,,,,,,,,,,,,
キララネ,M,145,1,d,オラクル・ノヴァ,2,,attack,bullets,,,,,,
,,,,d,,forward,,attack,range_blast,,,,,,
,,,,,,,,,,,,,,,
# 相剋の精霊島,,,,,,,,,,,,,,,
,,,,,,,,,,,,,,,
リンセ,F,200,1,d,ゴッド・ニャンド,2,,attack,range_short,,,,,,
アギーラ,F,201,1,d,エンベスティーダ,1,,attack,range_line,add_push,,,,,
スピリオーナ,A,104,1,d,ノーティラドル,2,,attack,one_rear,,,,,,
リーニャ,A,105,1,d,ボスケィラード,2,,attack,one_line,,,,,,
,,,,,,forward,最後列にいる,heal,all_cycle,cure_blind,,,,,
,,,,,,,,,,,,,,,
ソフィー,M,146,1,,オーラブレイク,2,,attack,range_drop,add_down,,,,,
サクヤ,F,202,1,,緋炎斬,3,,attack,one_short,fire,add_slow,,,,
,,,,,,,,,,,,,,,
# 聖剣伝説コラボ,,,,,,,,,,,,,,,
,,,,,,,,,,,,,,,
ケヴィン,F,203,1,,獣人化,2,,field,night,,,,,,
,,,,,,forward,,metamorphose,self,aup,,,,,フィールドが夜間なら消費マナ1
,,,2,d,白虎衝撃波,2,変身中,attack,range_line2,,,,,,
,,,,d,,forward,,attack,range_line,,,,,,
ホークアイ,F,204,1,d,薔薇の舞,1,,attack,one_rear,,,,,,一番遠い敵
,,,,d,,forward,,attack,one_combo,,,,,,一番遠い敵の目の前に飛ぶ
シャルロット,P,58,1,d,はりせんちょっぷ,1,敵陣にいる,attack,one_combo,,,,,,
,,,2,,ヒールライト,1,自陣にいる,heal,all_instant,,,,,,
,,,,,,,,,,,,,,,
ランディ,F,205,1,d,旋風斬り,1,,attack,range_self,,,,,,
プリム,F,206,1,d,プリムアッパー,2,,attack,one_short,,,,,,
ポポイ,M,147,1,d,マナの聖域,1,,buff,all,aup,,,,,
,,,,,,,,,,,,,,,
デュラン,F,207,1,d,大地噴出剣,2,,attack,range_self,,,,,,
リース,K,113,1,d,百花繚乱,1,,attack,one_combo,,,,,,
アンジェラ,M,148,1,d,ホットショット,2,,attack,bullets,,,,,,
,,,2,,エインシャント,2,マナ8つ以上,attack,range_all,,,,,,
,,,,,,,,,,,,,,,
シジマ,P,59,1,d,弐段槍術・虎牙竜翔閃,2,,attack,range_self,,,,,,
,,,,d,,forward,,attack,range_jump,add_tumble,,,,,
ダスティ,F,208,1,d,ウェポンフルコース,1,,attack,one_combo,,,,,,
,,,,,,,,,,,,,,,
# 2部7章,,,,,,,,,,,,,,,
,,,,,,,,,,,,,,,
セラフィー,F,209,1,,ブリリアントフェザー,1,,attack,range_jump,,,,,,
,,,2,,セラフィックオーバードライブ,2,超必殺技ゲージMAX,attack,range_jump,super_skill,add_slow,add_push,,,
クライン,F,210,1,,ランページマッスル,2,,metamorphose,self,adscrup,wide_attack,,,,攻撃間隔減少
,,,d,,グロウマッスル,2,,buff,self,adup,,,,,
ツァーリ14世,K,114,1,d,我が栄光の覇道,1,,field,battlefield,,,,,,
,,,2,,覇王の先駆,1,フィールドが戦場,attack,range_dash,,,,,,
,,,3,,栄光のクロニクル,2,超必殺技ゲージMAX,attack,range_random,super_skill,,,,,
,,,,,,forward,,field,battlefield,,,,,,
レノ,A,106,1,,惨禍乃賽子,1,,attack,random,,,,,,効果が6種類
,,,d,,代打ち惨禍之賽子,1,,attack,random,,,,,,
イシュチェル,A,107,1,,ランスショット,1,,attack,range_line,,,,,,
,,,2,,ビトイーン・アイズ,1,超必殺技ゲージMAX,attack,range_line,super_skill,add_push,,,,
オデッセイア,M,149,1,,クリアオーシャン,1,最後列以外にいる,attack,range_line,ice,add_freeze,,,,凍結はアビリティで付与
,,,2,d,アクアフォース,1,最後列にいる,barrier,all,aup,guard_fire,guard_ice,,,
メッテイヤ,M,150,1,,竜王の宴,3,,metamorphose,self,asup,delayoff,pierce,,,
,,,,,,forward,,attack,cycle_shoot,,,,,,
,,,d,,竜王の宴,3,,attack,cycle_shoot,,,,,,
,,,,,,,,,,,,,,,
ミョルン,F,211,1,,ムーンサルト,2,,attack,one_short,,,,,,
ミンミ,K,115,1,d,ブレイブランス,1,,attack,range_shortline,,,,,,
,,,2,,ランススティンガー,1,超必殺技ゲージMAX,attack,range_shortline,super_skill,add_push,,,,
シリル,K,116,1,d,ストライクソード,2,,attack,one_short,,,,,,
,,,2,,アルティソード,2,超必殺技ゲージMAX,attack,one_short,super_skill,,,,,
シェキナ,A,108,1,d,爆裂弓,2,,attack,one_line,add_defdown,,,,,防御低下はアビリティで付与
,,,2,,超弩級爆裂弓,2,超必殺技ゲージMAX,attack,one_line,super_skill,add_push,add_defdown,,,防御低下はアビリティで付与
,,,,,,forward,,attack,range_blast,,,,,,
レンレ,P,60,1,d,キュアベール,2,,heal,all_instant,,,,,,
,,,,d,,forward,,barrier,knight,,,,,,
フィシ,P,61,1,d,ブレスヒール,1,,heal,all_instant,,,,,,
,,,,,,,,,,,,,,,
ギュネス,P,62,1,,サンライトキュア,1,,heal,all_cycle,,,,,,
,,,,,,,,,,,,,,,
# クリスマス2015/監獄チェインストーリー,,,,,,,,,,,,,,,
,,,,,,,,,,,,,,,
キャロル,M,151,1,d,ホーリーギフト,2,,attack,range_drop,ice,,,,,
リーア,P,63,1,d,イノセントヒール,1,,heal,all_reaction,,,,,,
,,,,,,,,,,,,,,,
# 魔神ズフラス戦,,,,,,,,,,,,,,,
,,,,,,,,,,,,,,,
エイラ,K,117,1,d,スカーレット・ガイラルディア,2,,attack,one_combination,add_slow,,,,,地形が森林だと威力上昇
ズフラス,A,109,1,d,ガーデン・オブ・マリーゴールド,1,,field,forest,,,,,,
,,,2,,ブロークン・ブロッサム,1,フィールドが森林,attack,range_line,,,,,,
,,,,,,,,,,,,,,,
# 2016新年,,,,,,,,,,,,,,,
,,,,,,,,,,,,,,,
シュザ,F,212,1,d,鬼神剣,2,,attack,one_combination,add_down,,,,,
,,,2,,鬼神剣・降魔,2,超必殺技ゲージMAX,attack,range_forward,super_skill,add_down,,,,
マカコ,F,213,1,d,ブルローネ,1,,attack,one_short,add_poison,add_slow,add_blind,add_down,,状態異常はアビリティで付与
,,,,,,,,,,,,,,,
タピール,M,152,1,d,ビルトゥーラ,1,,field,dimension,,,,,,
,,,2,,ズェマール,2,フィールドが異空間,attack,laser,,,,,,
アトノア,M,153,1,,縛りの言霊,2,,attack,range_line,add_slow,,,,,
,,,2,,幻惑の言霊,2,マナ6つ以上,attack,range_line,add_down,,,,,
,,,d,,幻惑の言霊,2,,attack,range_line,add_slow,,,,,
,,,,,,either,マナ6つ以上,attack,range_line,add_down,,,,,
,,,,,,,,,,,,,,,
# 空の軌跡SCコラボ,,,,,,,,,,,,,,,
,,,,,,,,,,,,,,,
ヨシュア,F,214,1,,秘技・幻影奇襲,2,,attack,range_dash,add_poison,add_blind,add_slow,,,状態異常はどれか一つ
レーヴェ,F,216,1,,鬼炎斬,2,,attack,range_self,add_slow,,,,,
,,,,,,forward,,attack,range_self,,,,,,
エステル,K,118,1,,真・烈波無双撃,1,,attack,one_combination,absorb,,,,,4マナ以下で威力上昇
レン,M,154,1,,レ・ラナンデス,1,,attack,range_line,,,,,,
,,,2,,バスターキャノン,1,HP50%以下　一度だけ,attack,cycle_shoot,,,,,,
,,,,,,,,,,,,,,,
ヨシュア,F,215,1,,真・断骨剣,2,,attack,one_combo,,,,,,
アネラス,F,217,1,,真・光破斬,2,,attack,one_combo,add_push,,,,,
,,,,,,forward,,attack,one_line,,,,,,
クローゼ,K,119,1,,リヒトクライス,1,,heal,all_instant,,,,,,
,,,2,,リヒトクライスII,1,マナ4つ以上,heal,all_instant,cure_seal,,,,,
アガット,K,120,1,,ドラゴンダイブ,3,,attack,range_jump,add_push,,,,,HP50%以下で消費マナ2
オリビエ,A,110,1,,ハウリングバレット,1,,attack,range_line,,,,,,
ティータ,A,111,1,,サテライトビーム,2,,attack,range_drop,,,,,,
,,,,,,,,,,,,,,,
# 王都に咲く白百合,,,,,,,,,,,,,,,
,,,,,,,,,,,,,,,
ユリアナ,K,121,1,d,クイーンズセイバー,1,,buff,all,adup,,,,,
,,,2,,ロード・オブ・クイーンズ,1,超必殺技ゲージMAX,attack,range_self,super_skill,,,,,
,,,,,,forward,,area,buff,adup,,,,,
リフレット,K,122,1,d,サンインパクト,2,,attack,range_dash,add_push,,,,,
,,,,d,,forward,,attack,range_self,,,,,,
ローエンディア,K,123,1,,ベル・フルーレ,2,,attack,one_combination,add_push,,,,,
,,,2,d,ラ・フルーレ,1,自陣にいる,attack,one_line,add_push,,,,,
,,,,,,,,,,,,,,,
# 戦場のヴァルキュリアコラボ,,,,,,,,,,,,,,,
,,,,,,,,,,,,,,,
イムカ,F,218,1,,武装開放,3,,attack,bombard,,,,,,
セルベリア,K,124,1,d,ヴァルキュリアの閃光,2,,attack,laser,,,,,,
アリシア,A,112,1,,ヴァルキュリア化,2,,metamorphose,self,adrup,delayoff,guard,,,移動速度低下
,,,d,,力の解放,2,,buff,self,adup,delayoff,,,,
リエラ,A,113,1,,ヴァルキュリア化,1,,metamorphose,self,adcup,guard,,,,
,,,2,,ヴァルキュリアの光,1,変身中,attack,laser,,,,,,変身解除
,,,,,,,,,,,,,,,
ユリアナ,K,125,1,,才女の一閃,1,,attack,one_short,add_push,,,,,
ウェルキン,A,114,1,,オーダー【支援爆撃要請】,2,,area,trap,,,,,,
イーディ,A,115,1,d,麗しき銃撃,2,,attack,bullets,,,,,,
クルト,A,116,1,,オーダー【一斉全力攻撃】,1,,buff,all,aup,,,,,
,,,,,,,,,,,,,,,
# 大海新キャラ,,,,,,,,,,,,,,,
,,,,,,,,,,,,,,,
チェイス,A,117,1,,チェイシング・セブンシュート,1,,attack,bullets,,,,,,
ミラベル,P,64,1,d,ハピネスヒール,1,,heal,all_instant,cure_weaken,,,,,
イングリス,P,65,1,d,ゴールドヒール,1,,heal,all_instant,dup,,,,,
,,,,,,,,,,,,,,,
# バレンタイン2016,,,,,,,,,,,,,,,
,,,,,,,,,,,,,,,
モナミ,P,66,1,d,セイクリッドスピーチ,2,,song_dance,heal_cycle,,,,,,
,,,,d,,forward,,buff,others,dsup,,,,,
,,,,,,,,,,,,,,,
# 魔法兵団フェス,,,,,,,,,,,,,,,
,,,,,,,,,,,,,,,
ヴェルナー,M,155,1,d,ヴォルケーノヘイズ,2,,attack,range_line,fire,add_down,,,,
,,,2,,爆炎のヴォルケーノヘイズ,2,超必殺技ゲージMAX,attack,range_line,super_skill,fire,add_down,,,直線の周辺にもダメージ
カティア,M,156,1,,グローリースペル,1,自陣にいる,buff,all,asup,,,,,
,,,2,,セイバースペル,1,敵陣にいる,attack,range_self,,,,,,
ユニ,M,157,1,d,アブソリュートゼロ・レギオン,2,,attack,range_dash,add_freeze,,,,,
,,,,,,forward,,area,continual,add_freeze,,,,,
,,,,,,,,,,,,,,,
# 2部7章後半（書架）,,,,,,,,,,,,,,,
,,,,,,,,,,,,,,,
ラベゼリン,F,219,1,d,フェイクソウル,2,自陣にいる,attack,range_line,charge,add_push,,,,
,,,2,,トゥルーハーツ,2,敵陣にいる,attack,one_combination,add_push,,,,,
スーリヤ,F,220,1,,サティヤ,1,,attack,boomerang,,,,,,2発
,,,2,,サマーティ,1,超必殺技ゲージMAX,attack,boomerang,super_skill,,,,,5発
セレン,K,126,1,d,ハーデススラッシュ,1,,attack,range_forward,charge,add_down,,,,
アストライア,K,127,1,d,トーメント,1,,attack,range_explosion,,,,,,
,,,2,,インフリクト,1,超必殺技ゲージMAX,attack,one_short,super_skill,,,,,
グール＝ヴール,A,118,1,,ダークチェイン,1,,attack,one_line,chain,add_poison,add_blind,,,2体
,,,2,,ヒドゥンテラー,1,超必殺技ゲージMAX,attack,one_line,super_skill,chain,add_poison,add_blind,,4体
マスカルウィン,M,158,1,,ネクロエリア,2,,area,buff,aup,against_dropout,,,,
,,,2,,霊魂召喚,1,超必殺技ゲージMAX,attack,summon,super_skill,add_down,,,,
ペレキュデス,M,159,1,,タイムチェイン,2,,attack,one_line,chain,add_slow,,,,2体
,,,2,,タイムパラドクス,1,超必殺技ゲージMAX,buff,front,super_skill,add_resurrection,,,,
シヴァーニ,M,160,1,,セブンカラーズ,2,,attack,summon,add_tumble,,,,,転倒はアビリティで付与
,,,2,,レインボースターゲイザー,2,超必殺技ゲージMAX,attack,range_all,super_skill,add_push,add_tumble,,,転倒はアビリティで付与
,,,,,,,,,,,,,,,
スカレット,F,221,1,,ヴィヴラ・モルティス,2,,metamorphose,self,asrup,,,,,防御力低下
,,,d,,フラン・モルティス,2,,buff,self,adsup,,,,,自身に毒
ソーマ,F,222,1,,アルクス・フロンス,1,,attack,range_short,,,,,,
,,,2,,アルクス・ウェルサ,1,超必殺技ゲージMAX,attack,boomerang,super_skill,,,,,3発
クライド,F,223,1,d,纏光烈破,2,,attack,one_combo,,,,,,
,,,2,,真・纏光烈破,2,超必殺技ゲージMAX,attack,one_combo,super_skill,,,,,
ガシャ,K,128,1,d,ブレイク・B・アクス,3,,attack,one_short,add_down,,,,,
カラ,A,119,1,d,ハード・B・ショット,2,,attack,range_random,,,,,,
シャニ,M,161,1,,エンハンスオーラ,2,自陣にいる,buff,fighter,dup,,,,,
,,,2,,レッドブレイブ,2,敵陣にいる,attack,range_drop,fire,,,,,
エティス,M,162,1,,夢幻の風,1,,heal,all_instant,cure_seal,cure_weaken,cure_curse,,,
,,,,,,,,,,,,,,,
# 魔神ハハブ戦,,,,,,,,,,,,,,,
,,,,,,,,,,,,,,,
チウウェン,F,224,1,d,点心乱舞・包子,2,初回のみ,attack,one_combo,,,,,,
,,,,d,,forward,,attack,one_short,,,,,,
,,,2,,点心乱舞,1,2回目以降,attack,one_combo,,,,,,
ハハブ,F,225,1,,狂宴,2,初回のみ,buff,all,adup,,,,,
,,,2,d,妖艶,2,2回目以降,attack,range_blast,add_tumble,,,,,
,,,,,,,,,,,,,,,
アミーナ,K,129,1,d,鶴翼の勇者,2,敵陣にいる,attack,slicer,add_down,,,,,2発
,,,,d,,forward,,attack,range_dash,add_push,return_position,,,,
,,,2,,巌壁の勇者,1,自陣にいる,attack,range_self,add_push,,,,,
,,,,,,forward,,buff,self,dup,,,,,
,,,,,,,,,,,,,,,
# カジノディーラーフェス,,,,,,,,,,,,,,,
,,,,,,,,,,,,,,,
コモディア,F,226,1,,フィーリングハート,2,,attack,range_dash,add_slow,,,,,
,,,,,,forward,,attack,cycle_shoot,add_slow,,,,,
トリッシュ,A,120,1,,ギフト・ヴェノム,1,,attack,range_blast,add_poison,,,,,
,,,2,d,ギフト・ポイズン,1,最後列にいる,buff,all,asup,,,,,味方に毒を与える
シース,F,227,1,d,ジャッジメント・ストライク,3,,attack,range_short,add_push,,,,,
,,,,,,,,,,,,,,,
# レムレス島,,,,,,,,,,,,,,,
,,,,,,,,,,,,,,,
カラミティ,F,228,1,,トラップエリア,3,,area,continual,,,,,,
,,,,,,forward,,attack,range_dash,add_push,,,,,
ブリジット,F,229,1,,ビッグ・アペタイト,1,,attack,one_combo,,,,,,HP50%以下で回数増加
リズベル,K,130,1,,イージスブレイド,2,自陣にいる,attack,range_forward,add_push,,,,,
,,,2,,ストライクブレイド,2,敵陣にいる,attack,one_combination,add_down,,,,,
ダスク,A,121,1,,デッドリーバレット,2,,attack,one_line,shield_break,,,,,
,,,,,,forward,,buff,self,aup,,,,,
レイチェル・アナスタシア,M,163,1,,トリック・マジック・トリガー,3,,attack,range_blast,,,,,,
ストラッセ,M,164,1,,スタンプフォール,1,,attack,range_drop,,,,,,
,,,,,,,,,,,,,,,
キャロ,F,230,1,,ヒーローラリアット,2,,attack,range_dash,add_push,,,,,
カロラッカ,K,131,1,d,リジェクションセイバー,2,,attack,range_self,add_push,,,,,
バッカス,A,122,1,,キリングアロー,2,,attack,one_line,add_down,,,,,
トゥキリス,P,67,1,,アルケオ旋風陣,2,,attack,one_combination,,,,,,
アステリア,M,165,1,,アストレイアスター,2,,attack,range_all,,,,,,
,,,,,,,,,,,,,,,
パウラ,F,231,1,,カラフルな闇,1,,attack,one_combo,add_blind,,,,,
グレリア,F,232,1,,グレイブ・ディガー,3,,attack,range_self,add_down,,,,,
カワード,F,233,1,,ブレイブスタンプ,3,,attack,one_short,add_push,,,,,
ディエゴ,F,234,1,,ハードナックル,3,,attack,one_short,add_down,,,,,
スピラト,K,132,1,,勝利のおたけび,1,,attack,range_dash,,,,,,
シウロン,K,133,1,,奥義・満貫全席,3,,attack,range_self,fire,,,,,
チムニィ,K,134,1,,ガードフォース,2,,buff,all,adup,,,,,
フォンダ,A,123,1,,ブラッドシャワー,1,,attack,bullets,,,,,,
チチカ,A,124,1,,トリガーハッピー,2,,attack,bullets,,,,,,
スカーレット,A,125,1,,スパークショット,2,,attack,range_self,add_tumble,,,,,
マハリシ,P,68,1,,グロウアップ,1,,buff,all,aup,,,,,
リージス,M,166,1,,ボーンエグゾースト,2,,attack,range_drop,fire,,,,,
アドベック,M,167,1,,ハートフルシェイク,2,,attack,range_all,add_slow,,,,,ダメージなし
エルダー,M,168,1,,ファイアショット,1,,attack,range_line,fire,,,,,
,,,,,,,,,,,,,,,
# うたわれコラボ,,,,,,,,,,,,,,,
,,,,,,,,,,,,,,,
ハク,F,235,1,,扇撃万丈,1,,attack,one_combination,add_poison,add_push,,,,
,,,2,d,回生扇舞,1,最後列にいる,heal,one_worst,adup,,,,,
アトゥイ,F,236,1,,クラリン,1,初回のみ,attack,summon,add_slow,,,,,
,,,2,d,勇魚,2,2回目以降,attack,range_short,ice,add_down,,,,
クオン,P,69,1,d,翡翠,2,敵陣にいる,attack,range_drop,fire,add_push,,,,
,,,2,,夜啼鳥,1,自陣にいる,heal,all_instant,cure_slow,,,,,
ネコネ,M,169,1,d,夕星,2,,attack,range_drop,fire,,,,,
,,,2,,清月,2,最後列にいる,heal,all_instant,dup,,,,,
,,,,,,,,,,,,,,,
オウギ,F,237,1,d,紫電一閃,1,敵陣にいる,attack,one_combo,,,,,,
,,,2,,影走り,1,自陣にいる,attack,range_dash,add_tumble,,,,,
ノスリ,A,126,1,d,波乱烈風,3,,attack,range_blast,fire,,,,,
キウル,A,127,1,d,伏竜梅,2,,attack,range_random,add_slow,,,,,
ルルティエ,P,70,1,d,ルル,2,,heal,all_cycle,cure_down,,,,,
,,,,,,,,,,,,,,,
フロワ,M,170,1,d,アコールヴィテス,1,,attack,range_shortline,add_slow,,,,,
,,,,,,,,,,,,,,,
# 魔神ラザニル戦,,,,,,,,,,,,,,,
,,,,,,,,,,,,,,,
チドリ,F,238,1,d,速閃・千鶴,2,,attack,one_combination,add_tumble,,,,,
ランスバーン,K,135,1,d,グランドクロス,2,,attack,range_forward,,,,,,
,,,,d,,forward,,attack,range_shortline,add_push,,,,,
ラザニル,A,128,1,d,次元爆発弓,3,,attack,bombshoot,fire,,,,,
,,,,,,,,,,,,,,,
トウアン,F,239,1,,鉄鍼・無窮一殺,3,3回目まで,buff,restoration,aup,,,,,1体で3つ
,,,,,,forward,,attack,one_short,,,,,,
,,,2,d,陰陽の撃鍼,3,4回目以降,attack,one_short,,,,,,
ゲッベルツ,M,171,1,,デモンズシュート,2,,attack,one_line,,,,,,
,,,,,,,,,,,,,,,
# 薄命チェインストーリーフェス,,,,,,,,,,,,,,,
,,,,,,,,,,,,,,,
ベレ,F,240,1,d,ナストレグ,2,,attack,range_dash,add_push,add_down,,,,ダウンは魔マナ所持時のみ/アビリティで付与
イド,M,172,1,d,プリズムソードダンス,2,,buff,restoration,crup,,,,,4体で1つ
ケテ,M,173,1,,アイ・ラブ,1,,attack,one_line,heal_all,,,,,
スウ,P,71,1,d,コールソング・ナイト,1,,field,night,,,,,,
,,,2,,コールソング・ヒール,1,フィールドが夜,heal,all_instant,dup,,,,,
ムニ,M,174,1,d,ディレクォーム,2,,attack,range_random,add_down,,,,,ダウンはアビリティで付与
,,,,,,,,,,,,,,,
# 2部7章ラスト,,,,,,,,,,,,,,,
,,,,,,,,,,,,,,,
フィーナ,M,175,1,,クロノス・メモリア・勇気の頁,1,,attack,range_all,pain,,,,,
,,,2,,クロノス・メモリア・希望の頁,1,最後列にいる,buff,all,adsup,,,,,
,,,3,,チェインクロニクル,2,超必殺技ゲージMAX,heal,all_instant,super_skill,,,,,
,,,,,,forward,,attack,range_all,super_skill,,,,,
,,,d,,ホープエナジー,1,,buff,all,adsup,,,,,
,,,,,,,,,,,,,,,
マイラ,F,241,1,d,インフォマースラスト,1,,attack,range_dash,,,,,,
,,,,,,,,,,,,,,,
# 義勇軍相撃,,,,,,,,,,,,,,,
,,,,,,,,,,,,,,,
ジューダ,F,242,1,d,マギア・ディザスター,2,,attack,range_explosion,,,,,,
アシュリー,A,129,1,d,スターダスト・アロー,2,,attack,range_random,add_defdown,,,,,
ミレイユ,F,243,1,d,パワフルスイング,2,,attack,range_self,,,,,,
ツァイス,F,244,1,d,イリュージョンラッシュ,1,,attack,one_combo,,,,,,
ヴィドック,A,130,1,d,フェイタルエッジ,1,,attack,one_line,add_defspeeddown,,,,,
トルウァトス,M,176,1,d,マインド・コンフュージョン,2,,area,echo,,,,,,
,,,,,,,,,,,,,,,
トーガ,P,72,1,d,大地の息吹,2,,heal,all_instant,excess,aup,,,,
,,,,,,,,,,,,,,,
# ワダアルコフェス,,,,,,,,,,,,,,,
,,,,,,,,,,,,,,,
モルバ,K,136,1,,シスクード・ロタシオン,1,敵陣にいる,attack,range_self,,,,,,
,,,2,d,シスクード・アサルト,1,自陣にいる,attack,range_dash,add_push,,,,,
,,,,,,,,,,,,,,,
# 魔神スクロロン戦,,,,,,,,,,,,,,,
,,,,,,,,,,,,,,,
ルククア,M,177,1,d,ブラストレイ,2,,attack,range_random,,,,,,前方範囲内
メルルダ,P,73,1,,ビーストヒール,1,,heal,all_instant,aup,,,,,
,,,2,d,精霊召喚,1,最後列にいる,attack,summon,,,,,,
スクロロン,F,245,1,d,ヴァンダル・エアレイド,2,,attack,range_random,add_down,,,,,
,,,,,,,,,,,,,,,
# 変身！真☆魔法少女,,,,,,,,,,,,,,,
,,,,,,,,,,,,,,,
リーゼロッテ,M,178,1,d,プリズミックレイン,3,,attack,range_all,add_down,,,,,
,,,,,,,,,,,,,,,
# 鉄煙チェインストーリーフェス,,,,,,,,,,,,,,,
,,,,,,,,,,,,,,,
ヴァッサー,K,137,1,d,フェルカー・モルト,1,,buff,self,adsup,create_scrap,,,,2個
ジルヴェスター,K,138,1,,シェアシュラーゲン,2,,attack,range_self,destroy_scrap,,,,,全て
グリゼルディス,A,131,1,,シュメルツェン・パトローネ,1,,attack,one_line,add_defdown,create_scrap,,,,1個
ギーゼラ,A,132,1,d,フェアシュテルケン,1,,buff,all,aup,destroy_scrap,,,,1個
,,,,,,,,,,,,,,,
# レムレス島後半,,,,,,,,,,,,,,,
,,,,,,,,,,,,,,,
ラントカルテ,F,246,1,,メジャーメント・ブロウ,2,,attack,one_combo,,,,,,
,,,,,,forward,,attack,range_self,add_down,,,,,
メディア,A,133,1,,シューティングスターズ,1,,attack,bullets,,,,,,
,,,2,,ヒーリングフロンティア,1,最後列にいる,heal,all_instant,,,,,,
ファクト,A,134,1,,バーストショット,2,,attack,range_forward,add_push,,,,,
ヘロディア,P,74,1,,希望の物語,1,,attack,range_dash,return_position,,,,,
,,,,,,forward,,buff,all,adup,,,,,
ミアセラ,M,179,1,d,ダメージ・ディーラー,2,,attack,range_random,,,,,,
フラッグス,F,247,1,,桜乱散華,2,,attack,one_dash,add_push,,,,,
,,,,,,,,,,,,,,,
# ダンまちコラボ,,,,,,,,,,,,,,,
,,,,,,,,,,,,,,,
ベル・クラネル,F,248,1,d,ファイアボルト,1,,attack,one_line,fire,,,,,
,,,2,,【限界解除】ファイアボルト,2,超必殺技ゲージMAX,attack,range_blast,super_skill,fire,charge,,,溜め時間に応じて威力増加
リュー・リオン,F,249,1,d,ルミノス・ウィンド,2,,attack,range_forward,,,,,,
ヘスティア,P,75,1,d,ヘスティア・ヒール,1,,heal,all_instant,,,,,,
,,,,d,,forward,,barrier,all,,,,,,
,,,,,,,,,,,,,,,
ベル・クラネル,F,250,1,d,突撃槍,1,,attack,one_dash,,,,,,
ヴェルフ・クロッゾ,F,251,1,d,ウィル・オ・ウィスプ,1,,area,trap,fire,add_down,,,,
リリルカ・アーデ,A,135,1,d,援護射撃,1,,attack,range_random,add_poison,,,,,
ヤマト・命,A,136,1,d,フツノミタマ,2,,attack,range_forward,add_slow,,,,,
,,,,,,,,,,,,,,,
アイズ・ヴァレンシュタイン,K,139,1,,エアリエル,1,初回のみ,buff,self,adsup,delayoff,,,,
,,,2,d,リル・ラファーガ,2,2回目以降,attack,range_dash,add_push,,,,,一度自陣に下がる
,,,,,,,,,,,,,,,
ヤシュム,M,180,1,d,タリーク・マスィール,2,,area,buff,aup,,,,,
グラシア,A,137,1,d,フォルタレザ,1,,field,forest,,,,,,
,,,2,,レペティール,1,フィールドが森林,attack,bullets,,,,,,
,,,,,,,,,,,,,,,
# 3周年記念フェス,,,,,,,,,,,,,,,
,,,,,,,,,,,,,,,
リヴェラ,F,252,1,d,奥義・斬空剣,1,自陣にいる,attack,range_short,add_push,,,,,
,,,2,,秘剣・烈風,1,敵陣にいる,attack,one_combination,,,,,,
,,,3,,神技・玲瓏黒破斬,2,超必殺技ゲージMAX,attack,range_forward,super_skill,,,,,
,,,,,,,,,,,,,,,
ロボピッチャ,F,253,1,,フルスウィング,2,,attack,range_short,,,,,,
メガドライブ２,M,181,1,,さんすうのこたえ,2,,attack,range_forward,charge,,,,,
,,,,,,,,,,,,,,,
# 三賢者と超賢者,,,,,,,,,,,,,,,
,,,,,,,,,,,,,,,
メルティオール,M,182,1,d,崩落するベスティーゼ,3,,attack,range_blast,add_push,,,,,
,,,2,,超越するゼイヴァルド,3,超必殺技ゲージMAX,attack,range_drop,super_skill,add_blind,add_slow,,,
ディルマ,M,183,1,d,レスティスヒール,1,,heal,all_instant,cure_blind,cure_slow,,,,
,,,2,,リザイブレージュ,1,超必殺技ゲージMAX,heal,all_cycle,super_skill,cure_blind,cure_slow,,,
トリスメギストス,M,184,1,d,マギア・アルス・マグナ,3,,attack,cycle_shoot,,,,,,
,,,,,,,,,,,,,,,
ジュリア,K,140,1,d,ブライドブラスト,1,,attack,laser,,,,,,
,,,,,,,,,,,,,,,
黒騎士,K,141,1,d,アビス・ブレイカー,2,,attack,range_blast,fire,charge,add_down,,,ダウンは最大まで溜めた場合
ユリアナ,K,142,1,d,ジェネラルオーダー,2,,buff,all,asup,,,,,
,,,,d,,forward,,attack,range_dash,,,,,,
ファティマ,M,185,1,d,バーニングライト,1,,attack,range_drop,,,,,,
,,,,,,,,,,,,,,,
SC-3000,F,254,1,,勇将明敏,2,,attack,one_short,add_push,,,,,
ジェネシス,A,138,1,,スタードライヴ,1,,attack,range_line,,,,,,
スケルトンセガサターン,M,186,1,,クールパッド,1,,attack,range_line,,,,,,
,,,,,,,,,,,,,,,
# 魔神ザロビ戦,,,,,,,,,,,,,,,
,,,,,,,,,,,,,,,
ベルヴィード,K,143,1,d,ガーディア・オブ・クイーン,2,,attack,range_line,,,,,,
,,,,d,,forward,,buff,all,asup,,,,,騎のみ
シンフォニア,K,144,1,d,アーティライト・レクイエム,2,,attack,one_combo,,,,,,
,,,,d,,forward,,attack,range_blast,add_down,,,,,
ザロビ,M,187,1,d,スパイダー・ヴェノム,1,,area,trap,add_poison,add_slow,,,,
,,,,,,,,,,,,,,,
# サクラ大戦コラボ（前半）,,,,,,,,,,,,,,,
,,,,,,,,,,,,,,,
大神一郎,F,255,1,,光武搭乗,1,,metamorphose,self,adsup,,,,,
,,,2,,狼虎滅却・天地神明,2,,attack,one_combination,add_push,,,,,
真宮寺さくら,F,256,1,,光武搭乗,1,,metamorphose,self,ascup,heal_cycle,,,,
,,,2,,破邪剣征・桜花天昇,2,,attack,bullets,,,,,,
レニ・ミルヒシュトラーセ,K,145,1,,光武搭乗,1,,metamorphose,self,dsup,wide_attack,,,,攻撃間隔減少
,,,2,,ブラウアー・フォーゲル,2,,attack,range_forward,ice,,,,,
マリア・タチバナ,A,139,1,,光武搭乗,1,,metamorphose,self,scup,,,,,
,,,2,,リディニーク,2,,attack,range_blast,ice,,,,,
ソレッタ・織姫,M,188,1,,光武搭乗,1,,metamorphose,self,asup,heal_cycle,,,,
,,,2,,オーソレ・ミオ,1,,attack,range_random,,,,,,
,,,,,,,,,,,,,,,
神崎すみれ,F,257,1,,神崎風塵流・胡蝶の舞,1,,attack,range_self,fire,,,,,
桐島カンナ,F,258,1,,一百林牌,2,,attack,range_short,add_tumble,,,,,
李紅蘭,A,140,1,,チビロボ,1,,attack,summon,,,,,,
アイリス,P,76,1,,イリス・マリオネット,1,,heal,all_instant,dup,,,,,
,,,,,,,,,,,,,,,
ユーフィス,P,77,1,d,グレイセス・オブ・レイン,1,,field,desert,,,,,,雨の砂漠
,,,2,,ヒーリング・アクア,1,フィールドが雨の砂漠,heal,all_cycle,cure_blind,,,,,
,,,,,,,,,,,,,,,
# 犬鼻族長フェス,,,,,,,,,,,,,,,
,,,,,,,,,,,,,,,
ガジジナ,F,259,1,,ローア・パトリアルク,1,初回のみ,buff,all,asup,,,,,
,,,2,d,ライズ・オブ・スピリッツ,1,2回目以降,attack,range_self,,,,,,
ギザザヤ,F,260,1,d,ネイル・オブ・ロイヤリティ,2,敵陣にいる,attack,range_drop,add_tumble,add_atkdefdown,,,,ステータス低下はアビリティで付与
,,,2,,ブラスト・オブ・ロイヤリティ,1,自陣にいる,attack,range_line,add_push,add_atkdefdown,,,,ステータス低下はアビリティで付与
,,,,,,,,,,,,,,,
エンヴィ,A,141,1,d,ロストスナイプ,2,,attack,one_rear,,,,,,
,,,,,,,,,,,,,,,
# 蠢動する悪意,,,,,,,,,,,,,,,
,,,,,,,,,,,,,,,
アメリー,F,261,1,d,バインド・ザ・バインド,2,,attack,range_self,add_slow,,,,,
,,,,,,forward,,attack,range_self,,,,,,
キサ,A,142,1,d,グラース・コフィン,2,,attack,chain,ice,add_freeze,,,,
ザエル,F,262,1,d,ドゥム・ツー・ファウスト,2,,area,continual,add_blind,,,,,
,,,,d,,forward,,attack,one_combination,,,,,,
,,,,,,,,,,,,,,,
# サクラ大戦コラボ（後半）,,,,,,,,,,,,,,,
,,,,,,,,,,,,,,,
神崎すみれ,F,263,1,,光武搭乗,1,,metamorphose,self,ascup,,,,,
,,,2,,神崎風塵流・孔雀の舞,2,,attack,range_self,fire,add_tumble,,,,
桐島カンナ,F,264,1,,光武搭乗,1,,metamorphose,self,ascup,,,,,
,,,2,,公相君,2,,attack,one_dash,add_push,,,,,
李紅蘭,A,143,1,,光武搭乗,1,,metamorphose,self,sup,heal_cycle,,,,
,,,2,,チビロボ二式,2,初回のみ,attack,range_drop,add_slow,,,,,スロウはアビリティで付与
,,,,,,forward,,attack,summon,,,,,,
,,,3,,チビロボ二式,2,2回目以降,attack,range_drop,add_slow,,,,,スロウはアビリティで付与
アイリス,P,78,1,,光武搭乗,1,,metamorphose,self,dup,healareaup,,,,
,,,2,,イリス　プロディジュー・ジャンポール,1,,heal,all_cycle,cure_weaken,cure_seal,,,,
,,,,,,,,,,,,,,,
真宮寺さくら,F,265,1,,破邪剣征・桜花放神,2,,attack,range_line,add_push,,,,,
レニ・ミルヒシュトラーセ,K,146,1,,ダス・ラインゴルト,2,,attack,range_short,ice,add_tumble,,,,
マリア・タチバナ,A,144,1,,スネグーラチカ,1,,attack,bullets,ice,,,,,
ソレッタ・織姫,M,189,1,,クアットロ・スタジオーニ,2,,attack,range_drop,,,,,,
,,,,,,,,,,,,,,,
キャメロウ,K,147,1,d,サフラーセイフ,2,,attack,range_forward,add_push,,,,,弾き飛ばしは砂漠のみ
,,,,,,,,,,,,,,,
# 太鼓の達人コラボ2,,,,,,,,,,,,,,,
,,,,,,,,,,,,,,,
どんちゃん,F,266,1,,和太鼓魂,1,,field,night,,,,,,祭りの夜
,,,2,,クロノブレードン！,1,,attack,range_dash,,,,,,
,,,,,,,,,,,,,,,
# 深淵の渦,,,,,,,,,,,,,,,
,,,,,,,,,,,,,,,
ゼファル,F,267,1,d,ヴァデュス・ルクレクリエム,2,,area,continual,add_down,,,,,
バグリス,K,148,1,d,ゼルディーガ・ルクレクリエム,2,,barrier,all,aup,invincible,,,,
,,,,,,,,,,,,,,,
# 2部僧侶フェス,,,,,,,,,,,,,,,
,,,,,,,,,,,,,,,
ジークルーン,P,79,1,d,システム・べハンドルング,1,,heal,all_instant,cure_slow,cure_blind,dup,,,
,,,,,,,,,,,,,,,
# 魔神トゥキファト戦,,,,,,,,,,,,,,,
,,,,,,,,,,,,,,,
バラクーダ,F,268,1,d,オーシャンズ・フィールド,1,,field,sea,,,,,,
,,,2,,オーシャンズ・シガントテラー,2,フィールドが砂浜/船上/海中,attack,range_dash,add_push,add_poison,,,,
,,,,,,forward,,attack,range_dash,add_tumble,,,,,
ルーラ,F,269,1,d,オクトパスエイト・スティング,2,,attack,contact_combination,add_slow,,,,,スロウはアビリティで付与
トゥキファト,K,149,1,d,セイクリッド・オーバーレイ,2,,attack,range_forward,add_push,,,,,
,,,,,,,,,,,,,,,
ラブラ,F,270,1,d,グランドインパクト,2,,attack,range_dash,add_push,,,,,
,,,,d,,forward,,attack,range_forward,,,,,,
,,,,,,,,,,,,,,,
# まどマギコラボ,,,,,,,,,,,,,,,
,,,,,,,,,,,,,,,
アルティメットまどか,M,190,1,,マジカルスコール,2,,attack,range_random,,,,,,
,,,2,,シューティングスター,2,超必殺技ゲージMAX,attack,laser,super_skill,,,,,
悪魔ほむら,M,191,1,,エンドレス・ペイン,1,,attack,range_line,add_push,,,,,
,,,2,,ダークネス・エンド,2,超必殺技ゲージMAX,attack,range_all,super_skill,add_blind,,,,
巴マミ,M,192,1,,べべ,1,初回のみ,attack,summon,add_blind,,,,,
,,,2,,ティロ・ボレー,1,,attack,range_forward,add_push,,,,,
,,,3,,ティロ・フィナーレ,3,最後列にいる,attack,range_blast,,,,,,
,,,,,,,,,,,,,,,
佐倉杏子,F,271,1,,ジャンプアサルト,2,,attack,range_jump,,,,,,
,,,,,,forward,,buff,self,aup,,,,,
美樹さやか,K,150,1,,スロースティンガー,1,,attack,bullets,add_slow,,,,,
百江なぎさ,P,80,1,,ボッラ・ディ・サポーネ,2,,heal,all_instant,,,,,,
,,,,,,forward,,barrier,all,guard_blind,,,,,
暁美ほむら,M,193,1,,タイム・コネクト,2,,attack,bombshoot,,,,,,
,,,,,,,,,,,,,,,
,,,,,,,,,,,,,,,
# 第3部・リリース時,,,,,,,,,,,,,,,
,,,,,,,,,,,,,,,
ヘリオス,F,272,1,,ツインダッシュブレード,2,,attack,range_dash,add_push,,,,,
エシャル,F,273,1,,ウォーデンラッシュ,2,,attack,one_combination,,,,,,
,,,2,,希望の舞,2,最後列にいる,song_dance,adup,,,,,,
アマツ,F,274,1,,散華切り,1,,attack,range_explosion,,,,,,
,,,2,,散華切り・灼角,2,覚醒ゲージMAX,attack,range_self,,,,,,
,,,,,,forward,,buff,self,aup,,,,,
マウリッツ,K,173,1,,ピアッシング,1,自陣にいる,attack,one_combo,,,,,,
,,,2,,リバースピアッシング,1,敵陣にいる,attack,range_redash,,,,,,
ベルナデット,F,276,1,d,ラブダイナマイト,1,,attack,range_explosion,,,,,,
イオ,F,277,1,,ラピッドスラスト,1,自陣にいる,attack,range_short,add_push,,,,,
,,,2,d,ラピッドブレイズ,1,敵陣にいる,attack,one_combo,,,,,,
セレステ,K,151,1,,クライシスフォール,2,,attack,range_jump,,,,,,
,,,,,,forward,,area,buff,dup,,,,,
イスマイル,A,145,1,,ドラゴニックシュート,3,,attack,range_line,fire,,,,,
ヌヴィエム,A,146,1,,ヌーヴォラ,1,,attack,one_rear,add_blind,,,,,
アリーチェ,M,194,1,,グランスピアージェ,2,,attack,range_self,,,,,,
,,,,,,forward,,buff,self,asup,,,,,
ウガガラ,M,195,1,,アクアディヴィネーション,2,,attack,range_line,ice,,,,,
,,,,,,forward,,area,buff,aup,,,,,
リゲル,M,196,1,,ブレイジングメテオ,2,,attack,range_blast,,,,,,
ドウマ,M,197,1,,呪式・夜烏祟り,2,,attack,range_all,add_curse,,,,,
,,,,,,,,,,,,,,,
ネリー,F,278,1,,緊急建築,1,,area,obstacle,,,,,,
ハーフィズ,F,279,1,,ラブアンドピース,1,,buff,all,asup,,,,,
ユキノジョウ,F,280,1,,剣技・羽織落し,1,,attack,one_combo,,,,,,
イッシキ,F,281,1,,名刀乱麻,3,,attack,range_self,,,,,,
ケマイエス,K,152,1,,ミュージカルランス,2,,attack,one_combo,add_down,,,,,
クーシャン,K,153,1,,グリフォンスラッシュ,2,,attack,range_forward,add_slow,,,,,
シェロム,A,147,1,,シューティングシード,2,,attack,range_random,,,,,,
ウワイジュ,A,148,1,,マッスルビルドショット,3,,attack,one_line,add_push,,,,,
レサーカ,A,149,1,,ヴェレーノフレッチャ,2,,attack,range_forward,add_poison,,,,,
アリエル,P,81,1,,ホーリーチャント,2,,song_dance,heal_cycle,,,,,,
リューリィ,P,82,1,,リアクティブハイヒール,2,,heal,all_reaction,,,,,,
シーシャン,P,83,1,,グリフォンヒール,1,,heal,all_instant,cure_slow,aup,,,,
ミロスラフ,M,198,1,,バーンブレイク,2,,attack,range_short,fire,,,,,
トビアス,M,199,1,,ダブルマジックシュート,1,,attack,range_line2,add_down,,,,,ダウンはアビリティで付与
コドロ,M,200,1,,コドロファイヤー,2,,attack,range_random,fire,,,,,
,,,,,,,,,,,,,,,
ヘリオス,F,282,1,,ブレイクブレード,1,,attack,one_short,,,,,,
エシャル,F,283,1,,ラッシュパンチ,2,,attack,one_combination,,,,,,
アマツ,F,284,1,,諸刃切り,1,,attack,range_explosion,,,,,,
セレステ,K,154,1,,ディフェンスゾーン,1,,area,buff,dup,,,,,
クーシャン,K,155,1,,スラッシュ,1,,attack,range_forward,,,,,,
シャディア,A,150,1,,進軍の歌,2,,song_dance,asup,,,,,,
トロメア,P,84,1,,ヒール,1,,heal,all_instant,,,,,,
デルフィーナ,P,85,1,,リアクティブヒール,1,,heal,all_reaction,,,,,,
シーシャン,P,86,1,,オートヒール,1,,heal,all_cycle,,,,,,
アリーチェ,M,201,1,,ローリングスピア,2,,attack,range_self,,,,,,
ベルタ,M,202,1,,パワーサポート,1,,buff,all,aup,,,,,
カーリン,M,203,1,,ジャンピングレイド,1,,attack,one_jump,,,,,,
ヒトリ,M,204,1,,火球,3,,attack,range_blast,fire,,,,,
,,,,,,,,,,,,,,,
スカラデン,F,285,1,,スピアラッシュ,1,,attack,one_combo,,,,,,
シドビビ,F,286,1,,ウルフェンブロー,1,,attack,one_dash,,,,,,
ゼルマ,F,287,1,,フルスイング,2,,attack,range_self,add_down,,,,,
ガンドル,F,288,1,,ヘビーインパクト,2,,attack,one_short,add_push,,,,,
サナム,F,289,1,,ファスト・エクスカヴェイション,1,,buff,all,asup,,,,,
テンペスタ,F,290,1,,ランページラッシュ,1,,attack,one_combo,,,,,,
ツバキ,F,291,1,,白刃一閃,2,,attack,range_forward,,,,,,
シュカ,F,292,1,,疾風斬り,1,,attack,range_dash,,,,,,
エミリアン,K,156,1,,スラッシュ,1,,attack,range_forward,,,,,,
ナウラ,K,157,1,,ジュエルスラスト,1,,attack,one_dash,add_slow,,,,,
ジーメオン,A,151,1,,クラフトネイル,1,,attack,bullets,destroy_scrap,,,,,
ラーナ,A,152,1,,ポイズンショット,2,,attack,one_rear,add_poison,,,,,
オリュミーナ,A,153,1,,オル・レイン,1,,attack,range_random,,,,,,
オヅミ,A,154,1,,ひだねゆみ,2,,attack,range_random,fire,,,,,
マナワ,A,155,1,,ひだねのまい,1,,song_dance,dsup,guard_fire,,,,,
ジェンター,P,87,1,,キュア,1,,heal,one_worst,,,,,,
バルーフ,P,88,1,,オートヒール,1,,heal,all_cycle,,,,,,
タウィーラ,P,89,1,,ヒーリングハーブ,2,,heal,all_instant,aup,,,,,
メーリア,P,90,1,,ハイヒール,2,,heal,all_instant,,,,,,
フランジア,M,205,1,,マジカルパフューム,1,,attack,range_blast,add_slow,,,,,
ミリー,M,206,1,,バニシングフレア,2,,attack,range_drop,fire,,,,,
エステバン,M,207,1,,スピリットファイアー,1,,attack,one_line,add_curse,,,,,
イフサーン,M,208,1,,神の水,1,,heal,all_instant,,,,,,
,,,,,,,,,,,,,,,
# ストーリー追加12/8,,,,,,,,,,,,,,,
,,,,,,,,,,,,,,,
ミユキ,F,293,1,,六花繚乱の太刀,2,,attack,range_dash,ice,,,,,
シャディア,A,156,1,,黄金都市ビアルジャの歌,3,,song_dance,adup,guard_debuff,,,,,
,,,,,,,,,,,,,,,
# ストーリー追加12/15・クリスマス,,,,,,,,,,,,,,,
,,,,,,,,,,,,,,,
ユニカ,K,158,1,,ニコルノサルト,3,,attack,range_line,,,,,,
ベルタ,M,209,1,,B・フォール,2,,attack,range_drop,,,,,,
,,,,,,forward,,buff,all,aup,,,,,
アベータ,P,91,1,,ホーリーシャインシャワー,1,,buff,all,adup,,,,,
,,,,,,,,,,,,,,,
# 魔神スフラトゥス戦,,,,,,,,,,,,,,,
,,,,,,,,,,,,,,,
イヴェルタ,K,159,1,d,ヴァーミリオン・ギフト,2,,attack,contact_combination,add_down,,,,,
スフラトゥス,M,210,1,d,ダスティ・ベアーズ,1,,attack,summon,add_slow,,,,,4体まで
,,,,,,,,,,,,,,,
# 2017年正月,,,,,,,,,,,,,,,
,,,,,,,,,,,,,,,
ヨシカゲ,F,294,1,d,万夫不当,1,,attack,range_short,,,,,,
アシュリナ,F,295,1,,イシュク,1,敵陣にいる,attack,one_combo,add_slow,,,,,
,,,2,d,アミーラ,1,自陣にいる,heal,all_instant,aup,,,,,
カイン,K,160,1,,クロノブレイズ,1,,attack,range_forward,,,,,,
,,,2,,真エフォルスラッシュ,1,超必殺技ゲージMAX,attack,range_forward,super_skill,add_down,add_push,,,
,,,d,,イミテイト・エフォルフスラッシュ,1,,attack,range_forward,,,,,,
ペローラ,K,161,1,,アルシアレルタ,1,,attack,range_self,add_slow,,,,,
,,,,,,forward,,barrier,all,,,,,,
ミシディア,A,157,1,,シュートレイ,2,,attack,range_random,,,,,,
,,,2,,真オーラショット,2,超必殺技ゲージMAX,attack,range_line,super_skill,add_poison,add_blind,,,
,,,,,,forward,,buff,self,delayoff,,,,,
,,,d,,イミテイト・オーラショット,2,,attack,range_line,add_poison,add_blind,,,,
,,,,,,forward,,buff,self,delayoff,,,,,
エレミア,M,211,1,,メイド式治癒術・弐,2,,attack,range_line,heal_all,cure_blind,,,,
モニカ,M,212,1,,モーニングシューター,2,,attack,range_all,,,,,,
,,,,,,,,,,,,,,,
# アニメ連動,,,,,,,,,,,,,,,
,,,,,,,,,,,,,,,
フィーナ,P,92,1,d,クロノス・シャイン,1,,heal,all_cycle,,,,,,
,,,,,,,,,,,,,,,
# ストーリー追加1/12,,,,,,,,,,,,,,,
,,,,,,,,,,,,,,,
エメライン,K,162,1,,デュアルソードブレイク,2,,attack,range_self,add_push,,,,,
,,,,,,,,,,,,,,,
# アニメ連動・2回目,,,,,,,,,,,,,,,
,,,,,,,,,,,,,,,
アラム,F,296,1,d,マナスラスト,2,,attack,one_combination,add_tumble,,,,,
,,,2,,ドラゴニック・ブレイズ,2,,attack,range_forward,super_skill,add_push,,,,装備：守護竜の焔剣
,,,,,,,,,,,,,,,
# ペルソナ5コラボ,,,,,,,,,,,,,,,
,,,,,,,,,,,,,,,
ジョーカー,F,297,1,,マハエイガオン,2,,attack,range_forward,add_curse,,,,,
クイーン,K,163,1,,フラッシュボム,1,敵陣にいる,attack,range_explosion,add_blind,,,,,
,,,2,,マハフレイダイン,2,自陣にいる,attack,chain,,,,,,凍結かダウン状態に攻撃力UP
パンサー,A,158,1,,マハラギダイン,2,マナ4以下,attack,range_drop,fire,,,,,
,,,2,,大炎上,3,マナ5以上,attack,range_all,fire,,,,,
,,,,,,,,,,,,,,,
スカル,F,298,1,,マハジオダイン,2,,attack,range_drop,add_down,,,,,
フォックス,F,299,1,,レイズスラッシュ,2,,attack,range_short,,,,,,チェインが増えるほど攻撃力UP
ノワール,A,159,1,d,マハサイダイン,3,,attack,range_blast,,,,,,
モナ,P,93,1,d,メディラマ,1,,heal,all_instant,,,,,,
ナビ,P,94,1,d,モラルサポート,2,,heal,all_instant,,,,,,
,,,,,,,,,,,,,,,
# ストーリー追加1/26,,,,,,,,,,,,,,,
,,,,,,,,,,,,,,,
ヒトリ,M,213,1,,大噴火,1,,area,echo,fire,,,,,
,,,,,,,,,,,,,,,
# バディ対応,,,,,,,,,,,,,,,
,,,,,,,,,,,,,,,
プアア,K,164,1,,ウォータールート,0,,area,buff,aup,,,,,
フラット,M,214,1,,ファイアブレス,0,,attack,range_line,fire,,,,,
,,,,,,,,,,,,,,,
# レジェンドフェス1/31,,,,,,,,,,,,,,,
,,,,,,,,,,,,,,,
ヴォルグ,F,300,1,d,ドラゴニックレイジング,2,,attack,range_self,add_push,,,,,
リーニャ,A,160,1,,アルモーニャ・アルク,1,,attack,range_drop,,,,,,
,,,2,d,グラーシャ・ルーチェ,1,最後列にいる,heal,all_cycle,cure_seal,,,,,
マリナ,P,95,1,,エクスヒール,1,,heal,all_instant,adup,,,,,
,,,2,,真エンジェルヒール,,超必殺技ゲージMAX,heal,all_instant,super_skill,excess,adup,,,
,,,d,,イミテイト・エンジェルヒール,1,,heal,all_instant,adup,,,,,
アイリ,M,215,1,d,禁呪・暗黒源流瞳術「黒夢」,1,,field,wasteland,,,,,,
,,,2,,禁呪・暗黒源流呪術「竜幻」,1,フィールドが荒地,attack,range_line,add_curse,,,,,
,,,,,,,,,,,,,,,
# ファーブラ・デ・チョコラーテ,,,,,,,,,,,,,,,
,,,,,,,,,,,,,,,
レミラ,F,301,1,,コンシャージュ・インパクト,1,敵陣にいる,attack,range_drop,add_push,,,,,
,,,2,d,デギュスタシオン・ヒール,1,自陣にいる,heal,all_instant,cure_poison,cure_weaken,,,,
ユニ,F,302,1,d,アブソリュート・ハーツ,2,,attack,range_dash,add_down,,,,,
,,,,d,,forward,,area,continual,add_down,,,,,
モナミ,A,161,1,,セイクリッド・バレット,1,,attack,bullets,,,,,,
,,,2,d,トゥルーラブ・スピーチ,1,最後列にいる,song_dance,adup,,,,,,移動速度低下
,,,,,,,,,,,,,,,
# アニメ連動・3回目,,,,,,,,,,,,,,,
,,,,,,,,,,,,,,,
ケマミレ,F,303,1,,みゅみゅみゅみゅー♪,1,,buff,all,aup,,,,,
,,,,,,,,,,,,,,,
# このすばコラボ,,,,,,,,,,,,,,,
,,,,,,,,,,,,,,,
ダクネス,K,165,1,d,エアスラッシャー,1,自陣にいる,attack,range_random,,,,,,
,,,2,,ノーブルオブシールド,1,敵陣にいる,barrier,self,invincible,,,,,
アクア,P,96,1,d,ゴッドブロー,1,,attack,range_dash,,,,,,
,,,2,,ゴッドレクイエム,1,超必殺技ゲージMAX,attack,range_dash,super_skill,,,,,
アクア,P,97,1,d,花鳥風月,1,,heal,all_instant,,,,,,
,,,2,,リザレクション,1,超必殺技ゲージMAX,buff,far,super_skill,add_resurrection,,,,
めぐみん,M,216,1,,エクスプロージョン,3,初回のみ,attack,range_all,fire,pain,,,,
,,,2,d,【魔力供給】エクスプロージョン,3,2回目のみ,attack,range_all,charge,fire,pain,add_down,,ダウンは最大まで溜めたとき
,,,3,,魔力切れの一撃,1,3回目以降,attack,one_short,,,,,,
,,,,,,,,,,,,,,,
カズマ,F,304,1,d,スティール,1,,attack,random,,,,,,
ウィズ,M,217,1,,エクスプロージョン,3,初回のみ,attack,range_all,fire,,,,,
,,,2,d,ドレインタッチ,1,2回目以降,attack,range_short,kill_mana,,,,,
ゆんゆん,M,218,1,d,ライト・オブ・セイバー,2,,attack,range_forward,,,,,,
,,,,,,,,,,,,,,,
ドロッセル,A,162,1,d,ロープアクション・デトネーション,2,,attack,range_jump,add_tumble,,,,,一番遠い敵の目の前に飛ぶ
,,,,,,,,,,,,,,,
# ストーリー追加2/21,,,,,,,,,,,,,,,
,,,,,,,,,,,,,,,
レイリー,M,219,1,,エンド・オブ・グラース,2,,attack,range_random,add_freeze,,,,,
,,,,,,,,,,,,,,,
# レジェンドフェス2/28,,,,,,,,,,,,,,,
,,,,,,,,,,,,,,,
ペイシェ,F,305,1,,剛拳・砕岩烈破,2,,attack,range_line,ice,shield_break,,,,
,,,2,,真セイレーネスインパクト,2,超必殺技ゲージMAX,attack,range_jump,super_skill,ice,add_push,add_down,,
,,,d,,イミテイト・セイレーネスインパクト,2,,attack,range_jump,ice,add_push,add_down,,,
ムスタファ,F,306,1,d,サンドディザスター,2,,attack,range_self,add_blind,add_slow,,,,
ルアンナ,K,166,1,d,クリンインテグリティ,2,,buff,all,dsup,,,,,
,,,,d,,forward,,attack,range_dash,,,,,,
シューレ,M,220,1,,スーパーシューレ参上！！,1,,metamorphose,self,adcup,guard,,,,
,,,2,,スイーツ・イグニッション,2,変身中,attack,range_forward,add_push,,,,,変身解除
,,,d,,スイーツ・イグニッション,2,,attack,range_forward,add_push,,,,,
,,,,,,,,,,,,,,,
# ホワイトデー2017,,,,,,,,,,,,,,,
,,,,,,,,,,,,,,,
セシル,A,163,1,,トリックスター,2,,area,trap,add_tumble,,,,,
,,,,,,forward,,attack,bombshoot,,,,,,
,,,,,,,,,,,,,,,
# 魔神総力戦,,,,,,,,,,,,,,,
,,,,,,,,,,,,,,,
エイレヌス,M,221,1,,ノワールデストリクション,2,,attack,range_drop,fire,,,,,
,,,2,d,アカシック・フレア,1,最後列にいる,attack,range_line2,fire,add_push,,,,
,,,,,,,,,,,,,,,
# 3章・セレステ編,,,,,,,,,,,,,,,
,,,,,,,,,,,,,,,
エバノ,A,164,1,,シュヴェア・ストロム,2,,buff,restoration,asup,delayoff,,,,4体で1つ
,,,,,,forward,,enchant,self,add_slow,,,,,
,,,,,,,,,,,,,,,
# 魔神ファルズフ戦,,,,,,,,,,,,,,,
,,,,,,,,,,,,,,,
ズヴィアド,F,307,1,d,ブラッディ・インフェルノ,3,,attack,range_self,fire,,,,,
ナフヴァム,A,165,1,d,ブラッディ・ファントム,1,,attack,range_blast,add_slow,,,,,
ファルズフ,F,308,1,d,ブラッディ・ナイトメア,1,,area,continual,,,,,,
,,,,,,,,,,,,,,,
# 3章・アリーチェ編,,,,,,,,,,,,,,,
,,,,,,,,,,,,,,,
エリス,F,309,1,,エンチャント・ヘルフレイム,1,自陣にいる,enchant,self,fire,shield_break,,,,
,,,2,,エンチャント・アイスエイジ,2,敵陣にいる,enchant,self,ice,add_freeze,,,,
,,,,,,,,,,,,,,,
# レジェンドフェス3/29,,,,,,,,,,,,,,,
,,,,,,,,,,,,,,,
ミシマ,F,310,1,d,海戦陣,1,,field,ship,,,,,,
,,,2,,海覇斬,1,フィールドが砂浜/船上/海中,attack,laser,ice,,,,,
パーシェル,K,167,1,d,ゴッデスブレッシング,1,自陣にいる,heal,all_instant,dup,,,,,
,,,2,,ゴッデスアーツ,1,敵陣にいる,attack,one_short,add_push,,,,,
,,,,,,forward,,heal,one_self,,,,,,
ファルリン,A,166,1,d,星灯の詩,1,,song_dance,adsup,guard_slow,,,,,
フィリアナ,M,222,1,,ラピッドスペル,1,,attack,bullets,,,,,,
,,,2,,アルディスペル・エクストリーム,2,超必殺技ゲージMAX,attack,range_forward,super_skill,add_down,,,,
,,,d,,イミテイト・アルディスペル,2,,attack,range_forward,add_down,,,,,
,,,,,,,,,,,,,,,
# エイプリルフール2017,,,,,,,,,,,,,,,
,,,,,,,,,,,,,,,
おじさん,F,311,1,,必死の抵抗,3,,attack,one_combo,,,,,,
少年,A,167,1,,かけごえ,1,,buff,all,sup,,,,,攻撃力低下
おばさん,P,98,1,,お手伝い,2,,heal,one_worst,,,,,,
,,,,,,,,,,,,,,,
# 進撃の巨人コラボ,,,,,,,,,,,,,,,
,,,,,,,,,,,,,,,
エレン・イェーガー,F,312,1,d,立体機動戦闘・エレン,1,,attack,wire_action,,,,,,
,,,2,,巨人化,2,,attack,range_forward,super_skill,,,,,
,,,,,,forward,超必殺技ゲージMAX,metamorphose,self,super_skill,adup,heal_cycle,,,
,,,3,,巨人格闘,2,変身中,attack,contact_combination,,,,,,
リヴァイ,F,313,1,d,立体機動戦闘・リヴァイ,2,,attack,wire_action,,,,,,
ミカサ・アッカーマン,F,314,1,d,立体機動戦闘・ミカサ,2,,attack,wire_action,,,,,,
アルミン・アルレルト,F,315,1,d,アルミンの機転,1,,buff,all,asup,,,,,
サシャ・ブラウス,A,168,1,d,サシャの狙撃,2,,attack,one_line,charge,,,,,最大まで溜めると威力増加・貫通
クリスタ・レンズ,P,99,1,d,クリスタの救護,2,,heal,all_instant,excess,,,,,
,,,,,,,,,,,,,,,
# 3章・ヘリオス編,,,,,,,,,,,,,,,
,,,,,,,,,,,,,,,
フローリア,K,168,1,,グランツ・トーン・マーチ,2,,song_dance,adup,,,,,,
エレッタ,K,169,1,,コンツェルト・オブ・リード,1,,song_dance,asup,,,,,,
クニアリ,M,223,1,d,ルヴァノク・ルクレクリエム,2,,attack,summon,fire,add_slow,add_blind,,,
,,,,,,,,,,,,,,,
# 魔神エイルニルス戦,,,,,,,,,,,,,,,
,,,,,,,,,,,,,,,
サナオーリア,K,170,1,d,カロタ・フレースカ,2,,attack,range_dash,return_position,,,,,
エイルニルス,A,169,1,d,アップル・ホリック,1,,attack,chain,add_poison,,,,,
,,,,,,,,,,,,,,,
# 3章・エシャル編,,,,,,,,,,,,,,,
,,,,,,,,,,,,,,,
ラール,F,316,1,,ダンシング・スタースライサー,2,,attack,slicer,,,,,,2発
ニール,P,100,1,,スターライト・メロディ,2,,song_dance,heal_cycle,cure_down,,,,,
,,,,,,,,,,,,,,,
# レジェンドフェス4/30,,,,,,,,,,,,,,,
,,,,,,,,,,,,,,,
イブキ,F,317,1,d,円月殺法・朧,2,,attack,range_self,add_push,add_slow,,,,
バリエナ,K,171,1,,ファヴォーレ・グランデフォレスタ,1,,field,forest,,,,,,夜の森林
,,,,,,forward,,barrier,all,guard_debuff,guard_fire,guard_ice,,,
,,,2,,ジョカーレルーポ,1,フィールドが森林,attack,range_shortline,,,,,,
,,,,,,forward,,barrier,all,guard_debuff,guard_fire,guard_ice,,,
,,,3,,ヴォルフハウリング・アルジェント,2,超必殺技ゲージMAX,attack,range_line,super_skill,,,,,
,,,,,,forward,,barrier,all,super_skill,guard_debuff,guard_fire,guard_ice,,
,,,d,,イミテイト・ヴォルフハウリング,2,,attack,range_line,,,,,,
,,,,,,forward,,barrier,all,guard_debuff,guard_fire,guard_ice,,,
ダナディ,K,172,1,d,ブレイブランサー,1,,attack,range_dash,add_push,,,,,
,,,,,,forward,,buff,all,aup,,,,,
パトリシア,A,170,1,d,ゴールド・オブ・エデン,2,,attack,range_drop,add_blind,,,,,
,,,,,,,,,,,,,,,
# 賢者の塔の大演習祭,,,,,,,,,,,,,,,
,,,,,,,,,,,,,,,
カーリン,M,224,1,,ベスティアリリース,1,初回のみ,buff,self,asup,,,,,
,,,2,,グランデファング,2,2回目以降,attack,range_jump,add_down,,,,,
クロテッド,M,225,1,,ペール・アフェクシオン,2,,attack,range_line2,,,,,,
バスチアン,M,226,1,,フィーリア・カーリタース,0,,attack,range_dash,,,,,,
チャーノ,M,227,1,,ティアーズプロテクション,1,初回のみ,barrier,all,,,,,,
,,,2,d,ウィズドロープロテクション,2,2回目以降,attack,range_redash,,,,,,
,,,,,,forward,,barrier,all,guard_blind,,,,,
,,,,,,,,,,,,,,,
# レジェンドフェス5/31,,,,,,,,,,,,,,,
,,,,,,,,,,,,,,,
ツル,F,318,1,,鶴姫の一喝,1,,buff,all,adup,,,,,
,,,2,,速閃・連鶴,1,超必殺技ゲージMAX,attack,contact_combination,super_skill,add_tumble,,,,
,,,,,,forward,,buff,all,super_skill,adsup,,,,
,,,d,,相伝・連鶴,1,,attack,contact_combination,add_tumble,,,,,
,,,,,,forward,,buff,all,adsup,,,,,
アンジェリカ,F,319,1,d,デモンナイトメア,1,,attack,contact_combo,add_down,,,,,
ウィヴェア,P,101,1,d,エイジングヒール,1,,heal,all_instant,cure_seal,aup,,,,
フェブリア,M,228,1,d,トータルアッシュ,2,初回のみ,enchant,all,fire,,,,,
,,,2,,フレイムストライク,1,2回目以降,attack,range_line,fire,,,,,
,,,,,,,,,,,,,,,
バルドル,F,320,1,d,グランドパニッシュ,2,,attack,range_forward,add_down,,,,,
,,,,d,,forward,,buff,all,aup,,,,,
ミズギタリ,A,171,1,d,ヴァン・ルクレクリエム,3,,attack,cycle_shoot,add_slow,,,,,
,,,,,,,,,,,,,,,
,,,,,,,,,,,,,,,
# ツインエンジェルコラボ,,,,,,,,,,,,,,,
,,,,,,,,,,,,,,,
水無月遥,F,321,1,d,エンジェル・ストライプ,1,1Chain以下,attack,range_dash,add_tumble,,,,,
,,,,d,,forward,,buff,self,adup,,,,,効果は3種類からランダム
,,,2,,エンジェル・トルネード,2,2Chain以上,attack,range_jump,add_push,add_down,,,,
神無月葵,A,172,1,,エンジェル・アロー,1,1Chain以下,attack,range_forward,add_slow,,,,,
,,,2,,エンジェル・サウザンドアロー,2,2Chain以上,attack,bullets,,,,,,
葉月クルミ,A,173,1,,エンジェル・ボム,1,1Chain以下,attack,bombshoot,fire,,,,,
,,,2,,超エンジェル・ボム,2,2Chain以上,attack,range_drop,fire,,,,,
天月めぐる,F,322,1,,エンジェルローズ変身！,1,,metamorphose,self,acup,,,,,
,,,2,d,エンジェルジェットスライダー・暁,2,変身中,attack,range_forward,add_push,,,,,
#如月すみれ,F,323,,,,,,,,,,,,,
,,,,,,,,,,,,,,,
,,,,,,,,,,,,,,,
#end,,,,,,,,,,,,,,,