#名前,職,index,名前,系統,条件,効果,対象,備考
グレッグ,F,1,守備協力,buff_self,any,defup,self,
メフラム,F,2,人対策,killer,vs_human,atkdefup,self,
エディ,F,3,懐刀,buff_self,any,atkup,self,
ジャンダル,F,4,懐刀,buff_self,any,atkup,self,
カルロ,F,5,街の警備団,field,in_town,atkdefup,self,
ローデル,F,6,動物の知識,killer,vs_beast,atkup,self,
エイダル,F,7,ランタン,field,in_cave,atkdefup,self,
ダスティ,F,8,小銭入れ,resource,battle_end,goldup,resource,
リョータ,F,9,奮起,buff_self,hp_upto,atkup,self,
アザミ,F,10,二人三脚,buff_self,any,speedup,self,
ヨヨ,F,11,凍結耐性,against_debuff,any,guard_freeze,self,
ハルカ,F,12,荒地歩行,field,in_wasteland,atkdefup,self,
ライオ,F,13,獣の嗅覚,field,in_forest,atkdefup,self,
マルガ,F,14,ランタン,field,in_cave,atkdefup,self,
メア,F,15,懐刀,buff_self,any,atkup,self,
リンダ,F,16,絶好調,in_debuff,in_poison,atkdefup,self,
,,,,in_debuff,in_slow,atkdefup,self,
,,,,in_debuff,in_blind,atkdefup,self,
デンガル,F,17,響くリズム,buff_self,any,atkup,self,
セミマル,F,18,傭兵稼業,field,in_wasteland,atkdefup,self,
,,,,field,in_battlefield,atkdefup,self,
インドウ,F,19,凍刃剣法,add_debuff,attack,freeze,enemy,
カンベエ,F,20,粉骨,killer,vs_skeleton,atkdefup,self,
トルナド,F,21,密林哨戒,field,in_forest,atkdefup,self,
ディエス,F,22,対スロウ戦術,for_debuff,for_slow,atkup,self,
ジェアダ,F,23,ゴブリン駆除,killer,vs_goblin,atkup,self,
ハルアキ,F,24,柊の小枝,killer,vs_ogre,atkdefup,self,
バイセツ,F,25,密林哨戒,field,in_forest,atkdefup,self,
ドドガル,F,26,暗がりの先導者,field,in_cave,atkdefup,self,
フランツ,F,27,タウンキーパー,field,in_town,atkdefup,self,
マレイカ,F,28,凍結耐性,against_debuff,any,guard_freeze,self,
アイダ,F,29,がまぐち,resource,battle_end,goldup,resource,
ジグムント,F,30,おすすめの靴,buff_self,any,speedup,self,
リュビア,F,31,不意打ち,buff_self,critical,atkup,self,
マディーナ,F,32,がまぐち,resource,battle_end,goldup,resource,
イヌチヨ,F,33,マナの共鳴,skillup,any,skill_atkup,self,
アイアリス,F,34,がまぐち,resource,battle_end,goldup,resource,
サナ,F,35,おすすめの靴,buff_self,any,speedup,self,
主人公,F,36,真心,heal,wave_start,heal_all,all,
オグマ,F,37,剛の剣,add_debuff,attack,down,enemy,
サコン,F,38,傭兵稼業,field,in_wasteland,atkdefup,self,
,,,,field,in_battlefield,atkdefup,self,
ヨシカゲ,F,39,戦鬼の闘気,buff_self,any,atkspeedup,self,
ナズナ,F,40,無常の剣,killer,vs_ogre,atkup,self,
トウカ,F,41,生きるために,heal,wave_start,heal_all,all,
ヴォルグ,F,42,龍殺し,killer,vs_dragon,atkdefup,self,
エルダ,F,43,追い打ち,for_debuff,for_down,atkup,self,
アンジェリカ,F,44,暗殺剣,buff_self,critical,atkup,self,
ベルナデット,F,45,ラブサポート,buff_self,critical,atkup,self,
,,,,buff_self,hp_upto,atkup,self,
ハサン,F,46,奮起のロックンロール,buff_self,any,atkup,self,
,,,,against_debuff,any,guard_slow,self,
アイナ,F,47,土地勘,field,in_cave,atkdefup,self,
,,,,field,in_ruins,atkdefup,self,
アミル,F,48,魅惑の舞,buff_all,in_sub,atkup,all,
イオ,F,49,都市戦術,field,in_town,atkdefup,self,
,,,,field,in_castle,atkdefup,self,
レイジ,F,50,ダークドラゴンキラー,killer,vs_dragon,atkdefup,self,
キキョウ,F,51,電撃流剣術,in_debuff,in_poison,atkup,self,
,,,,in_debuff,in_slow,atkup,self,
,,,,in_debuff,in_blind,atkup,self,
フィーンド,F,52,全力殴打,buff_self,critical,atkup,self,
ソウジロウ＝セタ,F,53,疾風迅雷,buff_self,any,defspeedup,self,
イブキ,F,54,春眠学習,resource,battle_end,expup,resource,
ヒロチ,F,55,目くらまし,add_debuff,attack,blind,enemy,
ヨシツグ,F,56,修羅道の導き,killer,vs_ogre,atkdefup,self,
,,,,buff_self,boss_wave,atkup,self,
オリョウ,F,57,伝聞　鬼道剣術,buff_self,any,atkdefup,self,
カミナヅキ,F,58,神無の瞳,for_debuff,for_slow,atkup,self,
,,,,for_debuff,for_blind,atkup,self,
,,,,for_debuff,for_curse,atkup,self,
テレサ,F,59,殺意剣技,killer,vs_human,atkup,self,
チヨメ,F,60,忍びの劇薬,add_debuff,critical,slow,enemy,
ヨシノ,F,61,桜花散華,add_debuff,critical,down,enemy,
,,,,mana,battle_start,mana_charge,resource,
ソーニャ,F,62,炎の秘剣,skillup,any,skill_atkup,self,
ボクデン,F,63,剣術道場,buff_self,any,speedup,self,
,,,,add_debuff,critical,down,enemy,
サプラス,F,64,滋養の武器,heal,critical,absorb,self,
ミーム,F,65,建築士の意地,field,in_town,atkdefup,self,
,,,,field,in_castle,atkdefup,self,
セリーヌ,F,66,行け！衛生兵！,heal,wave_start,heal_one,hp_worst,
コロパティロン,F,67,再生力,heal,any,heal_cycle,self,
ヨルデ,F,68,二之太刀,for_debuff,for_down,atkup,self,
キキ,F,69,ぬるい篝火,skillup,any,skill_atkup,self,
ロレッタ,F,70,破壊魔人の商才,resource,battle_end,goldup,resource,
,,,,buff_self,hp_downto,atkspeedup,self,
ニンファ,F,71,強運のおすそわけ,resource,battle_start,treasure,resource,
リンセ,F,72,山猫の如き,field,in_forest,atkspeedup,self,
フーコ,F,73,しのびのしごと,skillup,any,skill_atkup,self,
,,,,add_debuff,skill,blind,enemy,
スルスタン,F,74,闇の短刀,heal,attack,absorb,self,
サクヤ,F,75,師の導き,buff_all,in_sub,atkup,all,
勇者,F,76,勇者の支援,buff_self,boss_wave,atkspeedup,self,
にゃん太,F,77,猫人の導き,buff_self,any,speedup,self,
,,,,buff_self,critical,atkup,self,
アカツキ,F,78,ヴェノムサポート,add_debuff,attack,poison,enemy,
カノ,F,79,冒険者支援,buff_self,any,fullup,self,
,,,,,,,,
セルバンテス,K,1,虚勢,buff_self,hp_upto,atkdefup,self,
ベアトリクス,K,2,攻めの体勢,buff_self,any,atkup,self,防御力低下
アントン,K,3,守りの姿勢,buff_self,any,defup,self,与えるダメージ低下
ハーマン,K,4,目覚めのお守り,against_debuff,any,reduce_down,self,
バクストン,K,5,懐刀,buff_self,any,atkup,self,
ロベルタ,K,6,守備協力,buff_self,any,defup,self,
カイン,K,7,毒耐性,against_debuff,any,guard_poison,self,
ナックル,K,8,街の警備団,field,in_town,atkdefup,self,
ギスゴ,K,9,砂ネズミ,field,in_desert,atkdefup,self,
,,,,field,in_beach,atkdefup,self,
エリーナ,K,10,快速のお守り,against_debuff,any,reduce_slow,self,
ルアンナ,K,11,毒耐性,against_debuff,any,guard_poison,self,
アルベルト,K,12,緊急防御,buff_self,hp_downto,defup,self,
メリッサ,K,13,小銭入れ,resource,battle_end,goldup,resource,
ラヒーム,K,14,砂漠の知恵,field,in_desert,atkdefup,self,
,,,,field,in_beach,atkdefup,self,
ラビィ,K,15,おすすめの靴,buff_self,any,speedup,self,
カディル,K,16,爬虫類百科,killer,vs_lizard,atkdefup,self,
マリス,K,17,バリケード,buff_all,in_sub,defup,all,
ライネル,K,18,盾術,buff_self,any,guardup,self,
スレイ,K,19,護衛戦法,buff_self,any,defup,self,
オデット,K,20,剣と盾,buff_self,any,atkdefup,self,
カイ,K,21,アタックパートナー,buff_self,any,atkup,self,
トーマス,K,22,守備反応,buff_self,hp_downto,defup,self,
フィーンド,K,23,護衛戦法,buff_self,any,defup,self,
ダナディ,K,24,聖なる叫び,heal,wave_start,heal_self,self,
ファン＝ファン,K,25,フレイムシールド,buff_self,any,defup,self,
,,,,buff_self,any,guard_ice,self,
ムスタファ,K,26,神出鬼没,resource,battle_end,goldup,resource,
イルヘルミナ,K,27,背徳の盾,buff_self,any,guardup,self,
,,,,mana,battle_start,mana_charge,resource,
アルヴェルト,K,28,勇猛果敢,buff_self,any,atkup,self,防御力低下
ローエンディア,K,29,白き騎士道,buff_self,any,defup,self,
,,,,skillup,any,skill_atkup,self,
女騎士,K,30,女騎士の教え,heal,wave_start,heal_all,all,
直継,K,31,堅牢な盾,buff_self,any,defup,self,
,,,,buff_self,any,guardup,self,
クラスティ,K,32,不倒の狂戦士,heal,attack,absorb,self,
ゴトリ,K,33,闇切り包丁,for_debuff,for_blind,atkup,self,
ザレン,K,34,黒い執念,killer,vs_black,atkup,self,
スティッチア,K,35,市街戦の教え,field,in_town,atkdefup,self,
,,,,field,in_castle,atkdefup,self,
アレス,K,36,曲がらぬ正義,buff_self,hp_downto,defup,self,
,,,,mana,wave_start,mana_boost,resource,
シンフォニア,K,37,勇気の光,heal,wave_start,heal_all,all,
ユリアナ,K,38,黒の敵対者,killer,vs_skeleton,atkup,self,
,,,,killer,vs_goblin,atkup,self,
,,,,killer,vs_black,atkup,self,
ジャファール,K,39,砂漠の流儀,field,in_desert,atkdefup,self,
,,,,field,in_beach,atkdefup,self,
バリエナ,K,40,銀狼の遠吠え,buff_self,any,guard_fire,self,
,,,,buff_self,any,guard_ice,self,
リフレット,K,41,ゴーレム戦闘指南,killer,vs_golem,atkdefup,self,
,,,,against_debuff,any,reduce_down,self,
,,,,against_debuff,any,reduce_slow,self,
フィー・グレア,K,42,対竜討伐資料,killer,vs_dragon,atkdefup,self,
パーシェル,K,43,神の威光,heal,wave_start,heal_all,all,
ウェイン,K,44,守護者の護衛,buff_self,any,atkup,self,
,,,,buff_self,any,guardup,self,
ディード,K,45,呪縛からの解放,for_debuff,for_down,atkup,self,
ミリエル,K,46,白鋼の光,for_debuff,for_slow,atkup,self,
,,,,,,,,
ミシディア,A,1,街の警備団,field,in_town,atkdefup,self,
オットー,A,2,小銭入れ,resource,battle_end,goldup,resource,
サビオ,A,3,観測手,buff_self,attack,atkup,self,
パトリシア,A,4,小銭入れ,resource,battle_end,goldup,resource,
ワーグマン,A,5,荒野歩行,field,in_wasteland,atkdefup,self,
ミル,A,6,対暗闇戦術,for_debuff,for_blind,atkup,self,
シェダ,A,7,救護,heal,wave_start,heal_self,self,
コロナ,A,8,炎の守り,buff_self,any,guard_fire,self,
フェイスレス,A,9,マナの共鳴,skillup,any,skill_atkup,self,
キリエ,A,10,援護射撃,buff_self,attack,atkup,self,
エマ,A,11,戦闘作法・上級,resource,battle_end,expup,resource,
ニキ,A,12,戦闘作法・上級,resource,battle_end,expup,resource,
エンヴィ,A,13,がまぐち,resource,battle_end,goldup,resource,
チャム＝チャム,A,14,起死回生,in_debuff,in_debuff,atkup,self,
ヤーウッド,A,15,戦術家の助け,buff_self,boss_wave,atkdefup,self,
ティフォ,A,16,千河の毒,add_debuff,attack,slow,enemy,
リーニャ,A,17,癒しの木漏れ日,heal,wave_start,heal_all,all,
クラリス,A,18,復讐心,buff_self,dropout_member,atkup,self,
フィリップ,A,19,森王の導き,field,in_forest,atkdefup,self,
ウィリアム＝マサチューセッツ,A,20,ウルフスコープ,buff_self,critical,atkup,self,
,,,,against_debuff,any,guard_blind,self,
イッシー,A,21,荒地歩行術,field,in_wasteland,atkdefup,self,
オネット,A,22,マシナリーリカバリー,against_debuff,any,guard_poison,self,
,,,,against_debuff,any,guard_blind,self,
,,,,against_debuff,any,guard_slow,self,
カルネロ,A,23,野の利,combat,attack,combat,self,
アルミルス,A,24,執着心,buff_self,dropout_member,atkup,self,
ムジカ,A,25,安らぎの旋律,heal,wave_start,heal_all,all,
サーシャ,A,26,流星の導き,for_debuff,for_poison,atkup,self,
,,,,for_debuff,for_blind,atkup,self,
,,,,for_debuff,for_slow,atkup,self,
ハジャダ,A,27,千の矢,add_debuff,attack,blind,enemy,
ファルリン,A,28,石竜子の詩,killer,vs_lizard,atkdefup,self,
ブリサ,A,29,酒精,add_debuff,attack,poison,enemy,
カタリス,A,30,再生力,heal,any,heal_cycle,self,
ニーナ,A,31,暗殺者の秘薬,against_debuff,any,guard_poison,self,
,,,,against_debuff,any,guard_blind,self,
ティグレ,A,32,虎毒,add_debuff,attack,poison,enemy,
パロマ,A,33,森の祝福,resource,battle_end,expup,resource,
アルティナ,A,34,エルフの教え,buff_self,hp_upto,atkdefup,self,
グレタ,A,35,女子腕力,buff_self,any,atkup,self,
,,,,heal,wave_start,heal_all,all,
,,,,,,,,
カトリ,P,1,看護,heal,wave_start,heal_one,hp_worst,
マリナ,P,2,助手,buff_self,heal,healup,self,
ローザ,P,3,看護,heal,wave_start,heal_one,hp_worst,
ラティ,P,4,少し広い心,buff_self,heal,areaup,self,
ケイト,P,5,助手,buff_self,heal,healup,self,
メルヴィナ,P,6,毒耐性,against_debuff,any,guard_poison,self,
ヨハン,P,7,癒しの心,buff_self,heal,healup,self,
ロイ,P,8,真心,heal,wave_start,heal_all,all,
ミノリ,P,9,護衛戦法,buff_self,any,defup,self,
ウィヴェア,P,10,迎え酒,against_debuff,any,guard_seal,self,
セレージャ,P,11,爛漫,field,in_forest,atkdefup,self,
ヴァネッサ,P,12,集中回復,buff_self,heal,healup,self,効果範囲減少
ライラ,P,13,神秘,resource,battle_end,expup,resource,
,,,,heal,wave_start,heal_all,all,
パポラ,P,14,雪の妖精,field,in_snow,atkdefup,self,
オリアーナ,P,15,戦場医療術,heal,wave_start,heal_one,hp_worst,
,,,,against_debuff,any,guard_poison,self,
アデル,P,16,慈悲深き心,mana,battle_start,mana_charge,resource,
アリエッタ,P,17,花心,heal,wave_start,heal_one,hp_worst,
,,,,against_debuff,any,guard_slow,self,
ノエル,P,18,決意の祈り,buff_self,heal,healup,self,
メイド長,P,19,メイドの仕事,skillup,any,skill_atkup,self,
,,,,add_debuff,skill,poison,enemy,
スミレ,P,20,番頭巫女,resource,battle_end,expup,resource,
マリエール,P,21,光のカーテン,buff_self,heal,areaup,self,
タノウェイ,P,22,導きの声,buff_self,heal,healup,self,
ヘロディア,P,23,密着取材,buff_all,in_sub,atkup,all,
フィーナ,P,24,フィーナの手当,heal,wave_start,heal_one,hp_worst,
リリス,P,25,選別者の言葉,heal,wave_start,heal_one,hp_worst,
メイド姉,P,26,メイドの手助け,buff_self,heal,healup,self,
,,,,skillup,any,skill_atkup,self,
,,,,,,,,
ヨッタ＝ヨッタ,M,1,懐刀,buff_self,any,atkup,self,
クリスティン,M,2,微光の剣,killer,vs_black,atkup,self,
ゲッベルツ,M,3,守備協力,buff_self,any,defup,self,
ミーナ,M,4,守備協力,buff_self,any,defup,self,
カルデア,M,5,光明のお守り,against_debuff,any,reduce_blind,self,
チャーノ,M,6,守備協力,buff_self,any,defup,self,
ハキム,M,7,守備協力,buff_self,any,defup,self,
リーゼロッテ,M,8,秘密の巻物,skillup,any,skill_atkup,self,
パルナ,M,9,炎の守り,buff_self,any,guard_fire,self,
プルナ,M,10,氷の守り,buff_self,any,guard_ice,self,
シエン,M,11,対毒戦術,for_debuff,for_poison,atkup,self,
ゴルネッサ,M,12,爬虫類百科,killer,vs_lizard,atkdefup,self,
クラウス,M,13,氷の壁,buff_self,any,guard_ice,self,
ミニモ,M,14,緊急治療,heal,wave_start,heal_one,hp_worst,
トト,M,15,炎の壁,buff_self,any,guard_fire,self,
フィオナ,M,16,援護射撃,buff_self,attack,atkup,self,
ビルギット,M,17,援護射撃,buff_self,attack,atkup,self,
ネルヴァ,M,18,護衛戦法,buff_self,any,defup,self,
アイザック,M,19,暗闇耐性,against_debuff,any,guard_blind,self,
ウーヴィア,M,20,真心,heal,wave_start,heal_all,all,
ヨナ,M,21,炎の壁,buff_self,any,guard_fire,self,
ルンデルハウス＝コード,M,22,援護射撃,buff_self,attack,atkup,self,
マリク,M,23,付与魔術,heal,wave_start,heal_one,hp_worst,
,,,,against_debuff,any,guard_blind,self,
ディ・ロ,M,24,熱いの嫌い,field,in_desert,atkdefup,self,
,,,,field,in_beach,atkdefup,self,
メラヒム,M,25,毒物研究,against_debuff,any,guard_poison,self,
,,,,against_debuff,any,guard_blind,self,
ロクサーナ,M,26,砂漠に響く歌声,field,in_desert,atkdefup,self,
パボア,M,27,孔雀の住処,field,in_forest,atkdefup,self,
フィ＝フィ,M,28,炎の友達,skillup,any,skill_atkup,self,
,,,,buff_self,any,guard_fire,self,
シャクティ,M,29,己が利,buff_self,any,atkdefup,self,
,,,,resource,battle_end,goldup,resource,
フェブリア,M,30,炎の魔導剣術,buff_self,any,atkup,self,
,,,,buff_self,any,guard_fire,self,
ミラジェン,M,31,厚情のセレナーデ,buff_self,any,guard_ice,self,
,,,,buff_all,in_sub,defup,all,
アイリ,M,32,荒レタ地デ猛ル幻獣,field,in_wasteland,atkdefup,self,
,,,,field,in_battlefield,atkdefup,self,
ナイエル,M,33,戦のバラード,against_debuff,any,guard_blind,self,
,,,,heal,wave_start,heal_all,all,
クリオラ,M,34,即席魔道探知機,resource,battle_start,treasure,resource,
エレミア,M,35,汚れもの片付け,for_debuff,for_blind,atkup,self,
ビエンタ,M,36,大胆な指揮,buff_all,in_sub,atkdefup,all,
イザヤ,M,37,レンタル魔道探知機,resource,battle_start,treasure,resource,
リック,M,38,霊刃剣術,combat,attack,combat,self,
火竜公女,M,39,竜言,resource,battle_end,goldup,resource,
ルカナ,M,40,冷気の流れ,add_debuff,attack,freeze,enemy,
レベッカ,M,41,魔道剣術,combat,attack,combat,self,
ミイナ,M,42,星魔法,buff_all,in_sub,defup,all,
ブルワリー,M,43,副都の止まり木,heal,wave_start,heal_one,hp_worst,
フィリアナ,M,44,生徒会指導,buff_self,any,atkdefup,self,
シューレ,M,45,ひとくちあげる,heal,attack,absorb,self,
アエル・グルン,M,46,竜魂の伝播,buff_self,attack,atkup,self,
イスレム,M,47,永遠氷,add_debuff,attack,freeze,enemy,
,,,,buff_self,any,guard_ice,self,
アルドラ,M,48,万象の理,skillup,any,skill_atkup,self,
,,,,mana,battle_start,mana_charge,resource,
ヴェルナー,M,49,破壊の波動,add_debuff,attack,down,enemy,
カティア,M,50,剣術のてほどき,combat,attack,combat,self,
ユニ,M,51,氷の封印,skillup,any,skill_atkup,self,
,,,,buff_self,any,guard_ice,self,
メフルナーシュ,M,52,精霊の風,buff_self,any,defup,self,
,,,,buff_self,any,guard_fire,self,
イザベル,M,53,氷のマナ,buff_self,any,guard_ice,self,
,,,,mana,battle_start,mana_charge,resource,
チアリー,M,54,奥義書の写し,skillup,any,skill_atkup,self,
カレン,M,55,意外な才能,heal,wave_start,heal_self,self,
ミスティ,M,56,お宝への嗅覚,resource,battle_start,treasure,resource,
魔王,M,57,戦闘経済学,resource,battle_end,goldup,resource,
,,,,resource,battle_end,expup,resource,
ロビン,M,58,折檻メモ,combat,attack,combat,self,
シロエ,M,59,全力管制援護,buff_self,any,atkspeedup,self,
,,,,against_debuff,any,guard_slow,self,
,,,,,,,,
,,,,,,,,
,,,,,,,,
,,,,,,,,
フラウ,M,60,最後方攻撃支援,buff_all,in_sub,atkup,all,
ルクレチア,A,36,暗殺の技術,killer,vs_human,atkdefup,self,
チワ,M,61,赤と青,buff_self,any,guard_fire,self,
,,,,buff_self,any,guard_ice,self,
オーロラ,K,47,黒薔薇の花びら,skillup,any,skill_atkup,self,
ラスフィア,M,63,回生力,heal,wave_start,heal_self,self,
ミジョカ,M,62,追い打ち,for_debuff,for_down,atkup,self,
シェラザード,F,80,デザートジュエル,buff_self,any,defup,self,
,,,,for_debuff,for_poison,atkup,self,
,,,,for_debuff,for_slow,atkup,self,
,,,,for_debuff,for_curse,atkup,self,
,,,,for_debuff,for_weaken,atkup,self,
ロロ,K,48,炎の籠手,buff_self,any,defup,self,
,,,,buff_self,any,guard_fire,self,
ハティ,M,64,石板打撃術,combat,attack,combat,self,
ハティファス,M,65,魔神の天運,mana,wave_start,mana_boost,resource,
ソロ,A,37,進行阻止,add_debuff,attack,slow,enemy,
,,,,,,,,
# チェインストーリーフェス,,,,,,,,
,,,,,,,,
アオイ,P,27,鬼巫女の秘儀,heal,wave_start,heal_all,all,
ルーク,F,81,黒化,buff_self,any,atkup,self,防御力低下
オルドレード,K,49,狂戦士の波動,buff_all,in_sub,atkup,all,防御力低下
カデッサ,K,50,灰白の心,buff_self,any,atkup,self,防御力低下
,,,,,,,,
# 2部,,,,,,,,
,,,,,,,,
主人公,F,82,隊長の声,buff_all,in_sub,atkup,all,
カイン,K,51,騎士の心がけ,buff_self,any,guardup,self,
,,,,against_debuff,any,guard_poison,self,
ミシディア,A,38,狙い撃ち,add_debuff,attack,slow,enemy,
マリナ,P,28,熱き治療術,buff_self,heal,healup,self,
,,,,against_debuff,any,guard_down,self,
,,,,,,,,
イナミ,M,66,九尾の助力,pierce,attack,pierce,enemy,
,,,,,,,,
オルカ,K,52,大物狩り,buff_self,boss_wave,atkup,self,
ルーラ,F,83,美の伝道,buff_self,critical,atkup,self,
,,,,add_debuff,critical,slow,enemy,
サーポ,M,67,乙姫の贈り物,mana,wave_start,mana_boost,resource,
ライア,F,84,レイの刺毒,add_debuff,attack,poison,enemy,
,,,,,,,,
ペイシェ,F,85,大海の守護,field,in_beach,atkdefup,self,
,,,,field,in_ship,atkdefup,self,
,,,,field,in_sea,atkdefup,self,
オルデル,K,53,巡礼者のお守り,field,in_snow,atkdefup,self,
アレグリア,A,39,神木の加護,for_debuff,for_slow,atkup,self,
フロル,P,29,森の意思,mana,battle_start,mana_charge,resource,
ステラ,M,68,シーサルベージ,field,in_beach,atkup,self,
,,,,field,in_ship,atkup,self,
,,,,field,in_sea,atkup,self,
,,,,resource,battle_start,treasure,resource,
ボニート,A,40,白鳥の矢羽,for_debuff,for_poison,atkup,self,
,,,,for_debuff,for_blind,atkup,self,
,,,,for_debuff,for_slow,atkup,self,
トゥバラオ,F,86,暴れ鮫,killer,vs_fish,atkdefup,self,
ペローラ,K,54,パールシールド,buff_self,any,atkdefup,self,
,,,,,,,,
ヘリデ,F,87,守備反応,buff_self,hp_downto,defup,self,
ボルサ,F,88,直感,buff_self,any,defup,self,
トルトゥガ,F,89,アタックパートナー,buff_self,any,atkup,self,
ネブリナ,K,55,マナの共鳴,skillup,any,skill_atkup,self,
ミドア,M,69,足枷,add_debuff,attack,slow,enemy,
タンボリル,A,41,近接攻撃補助,combat,attack,combat,self,
,,,,,,,,
#名前,職,index,絆アビリティ名,,,,,
,,,,,,,,
#モアネット救援,,,,,,,,
,,,,,,,,
クラウディア,M,70,マナの昂ぶり,buff_self,any,speedup,self,
,,,,skillup,any,skill_atkup,self,
シェアラ,F,90,おひねり,resource,battle_end,goldup,resource,
ベラ,M,71,アタックヒール,heal,attack,absorb,self,
モアネット,F,91,二日酔いの秘薬,against_debuff,any,guard_down,self,
,,,,,,,,
マリーダ,F,92,パンプアップ,buff_self,critical,atkup,self,
,,,,heal,wave_start,heal_self,self,
パトリシア,A,42,商人の戦場,resource,battle_end,goldup,resource,
,,,,heal,wave_start,heal_all,all,
,,,,,,,,
# 魔神アグダラ戦,,,,,,,,
,,,,,,,,
オルオレータ,A,43,使命の者,for_debuff,for_poison,atkup,self,
,,,,for_debuff,for_down,atkup,self,
アグダラ,F,93,黒の剣聖,skillup,any,skill_atkup,self,
,,,,buff_self,boss_wave,atkup,self,
# ツル姫と夏祭り,,,,,,,,
,,,,,,,,
アンジェリカ,F,94,人の死角,killer,vs_human,atkdefup,self,
ベルナデット,F,95,全力の思い,buff_self,critical,atkup,self,
,,,,skillup,any,skill_atkup,self,
トウカ,F,96,思い出のかんざし,killer,vs_ogre,atkup,self,
,,,,heal,wave_start,heal_one,hp_worst,
ロレッタ,F,97,浴衣商法,resource,battle_end,goldup,resource,
,,,,heal,attack,absorb,self,
ソーニャ,F,98,火焔の浴衣,buff_self,boss_wave,atkup,self,
,,,,buff_self,any,guard_fire,self,
リフレット,K,56,向日葵の飾り,against_debuff,any,reduce_down,self,
,,,,against_debuff,any,reduce_slow,self,
,,,,killer,vs_golem,atkdefup,self,
ツル,F,99,ツルの二声,buff_all,in_sub,atkspeedup,all,
,,,,,,,,
ユカチ,M,72,幼き誇り,buff_self,hp_upto,atkup,self,
カナーン,K,57,隙無き脅威,for_debuff,for_slow,atkup,self,
ソリティー,M,73,不幸のお守り,buff_self,any,atkspeedup,self,
,,,,,,,,
範馬刃牙,F,100,強者の呼び声,buff_self,any,atkup,self,
,,,,buff_self,critical,atkup,self,
,,,,,,,,
# 2部2章,,,,,,,,
,,,,,,,,
リンリー,F,101,花嫁武術修行,buff_self,any,atkup,self,
,,,,buff_self,boss_wave,atkup,self,
モルガン,K,58,女海賊の処世術,field,in_beach,atkdefup,self,
,,,,field,in_ship,atkdefup,self,
,,,,field,in_sea,atkdefup,self,
バルトロ,A,44,ガンコレクション,buff_self,attack,atkup,self,
,,,,skillup,any,skill_atkup,self,
ミラ,A,45,閃光の弾丸,buff_self,attack,atkup,self,
,,,,add_debuff,attack,slow,enemy,
ヘリシティー,M,74,魔力の大渦,field,in_beach,atkdefup,self,
,,,,field,in_ship,atkdefup,self,
,,,,field,in_sea,atkdefup,self,
,,,,skillup,any,skill_atkup,self,
,,,,,,,,
キオラ,F,102,拳舞,buff_self,any,atkup,self,
,,,,buff_self,hp_upto,atkup,self,
グローリア,F,103,激情,buff_self,dropout_member,atkup,self,
ティア,K,59,幸運の潮流,killer,vs_fish,atkup,self,
,,,,resource,battle_start,treasure,resource,
ヴィオレッタ,K,60,貴族の武術,buff_self,any,atkup,self,
,,,,buff_self,hp_downto,defup,self,
コンスタンサ,A,46,無償の喜び,heal,wave_start,heal_one,hp_worst,
アラクネー,M,75,万物の心,buff_all,in_sub,atkdefup,all,
,,,,,,,,
ニウ,F,104,おすすめの靴,buff_self,any,speedup,self,
ロッタ,F,105,がまぐち,resource,battle_end,goldup,resource,
ガイ,F,106,武の基本,buff_self,any,atkspeedup,self,
レン,F,107,炎の壁,buff_self,any,guard_fire,self,
メイビア,F,108,本気,buff_self,hp_downto,atkup,self,
ガスパール,F,109,海図,field,in_beach,atkdefup,self,
,,,,field,in_ship,atkdefup,self,
,,,,field,in_sea,atkdefup,self,
ディラン,F,110,マナの共鳴,skillup,any,skill_atkup,self,
ドミニック,F,111,海図,field,in_beach,atkdefup,self,
,,,,field,in_ship,atkdefup,self,
,,,,field,in_sea,atkdefup,self,
アーネスト,F,112,奮戦,buff_self,boss_wave,atkup,self,
アブエロ,K,61,決死行動,buff_self,hp_downto,defup,self,
リュキシー,K,62,防御の構え,buff_self,hp_downto,atkdefup,self,
シャントゥール,A,47,バリケード,buff_all,in_sub,defup,all,
ヴィクトリア,A,48,援護射撃,buff_self,attack,atkup,self,
マリアン,A,49,援護射撃,buff_self,attack,atkup,self,
ラルダ,A,50,応援,buff_all,in_sub,atkup,all,
ダビド,A,51,海図,field,in_beach,atkdefup,self,
,,,,field,in_ship,atkdefup,self,
,,,,field,in_sea,atkdefup,self,
アメリア,P,30,がまぐち,resource,battle_end,goldup,resource,
ハンジ,P,31,少し広い心,buff_self,heal,areaup,self,
メレディス,M,76,がまぐち,resource,battle_end,goldup,resource,
ジーナ,M,77,戦闘作法・上級,resource,battle_end,expup,resource,
,,,,,,,,
ブロッサム,F,113,二人三脚,buff_self,any,speedup,self,
ジャン,A,52,看護,heal,wave_start,heal_one,hp_worst,
リスフィン,A,53,観測手,buff_self,attack,atkup,self,
マール,P,32,助手,buff_self,heal,healup,self,
ハヴェル,M,78,瀬戸際,buff_self,hp_downto,atkup,self,
,,,,,,,,
リネイア,F,114,収集癖,resource,battle_start,treasure,resource,
,,,,,,,,
# アトリエ「黄昏シリーズ」コラボ,,,,,,,,
,,,,,,,,
ロジー,F,115,スタンヒット,add_debuff,critical,down,enemy,
エスカ,M,79,錬金術士の心得,buff_self,any,atkup,self,
,,,,skillup,any,skill_atkup,self,
シャルロッテ,F,116,止まらぬ歩み,against_debuff,any,guard_slow,self,
アウィン,F,117,万全の状態,heal,wave_start,heal_self,self,
シャリステラ,M,80,オートヒーリング,heal,wave_start,heal_one,hp_worst,
アーシャ,P,33,薬草採取,resource,battle_start,treasure,resource,
ウィルベル,M,81,精霊の力,skillup,any,skill_atkup,self,
,,,,,,,,
# ver2.1精霊島追加,,,,,,,,
,,,,,,,,
レアーオ,K,63,金獅子の誇り,for_debuff,for_poison,atkup,self,
,,,,for_debuff,for_blind,atkup,self,
,,,,for_debuff,for_slow,atkup,self,
トレランシア,P,34,守護樹の祝福,buff_self,heal,healup,self,
キャン,F,118,大自然の息吹,against_debuff,any,guard_poison,self,
,,,,field,in_forest,atkdefup,self,
コネリ,A,54,白兎の守護,buff_self,hp_upto,atkup,self,
,,,,,,,,
パメラス,K,64,信念の楯,buff_self,any,defup,self,
メガドライブ,M,82,メガアダプタ,combat,attack,combat,self,
,,,,,,,,
# 絶対絶望少女コラボ,,,,,,,,
,,,,,,,,
ジェノサイダー翔,F,119,超高校級の殺人鬼,buff_self,any,speedup,self,
,,,,killer,vs_human,atkup,self,
苗木こまる,A,55,”普通”の支援,buff_self,attack,atkup,self,
苗木誠,F,120,超高校級の幸運,buff_self,critical,atkup,self,
召使い,F,121,幸運な召使い,mana,wave_start,mana_boost,resource,
十神白夜,A,56,超高校級の御曹司,resource,battle_end,goldup,resource,
,,,,buff_self,hp_upto,atkspeedup,self,
腐川冬子,P,35,超高校級の文学少女,against_debuff,any,guard_weaken,self,
モノクマ,F,122,絶望の運び手,in_debuff,in_poison,atkup,self,
,,,,in_debuff,in_slow,atkup,self,
,,,,in_debuff,in_blind,atkup,self,
,,,,,,,,
セガサターン,M,83,セガサターンシロ,buff_self,hp_upto,atkup,self,
,,,,heal,wave_start,heal_one,hp_worst,
ビジュアルメモリ,P,36,外部メモリ,buff_self,heal,healup,self,
,,,,resource,battle_end,goldup,resource,
ゲームギア,M,84,ＰＪマーキュリー,skillup,any,skill_atkup,self,
,,,,,,,,
シャーリー,M,85,生命魔術の手助け,buff_self,hp_upto,atkup,self,
セラカ,K,65,不朽の善,heal,any,heal_cycle,self,
バリキ,F,123,不屈の闘気,buff_self,hp_downto,atkup,self,
キャス,M,86,溢れ出る大志,resource,battle_end,expup,resource,
エフィメラ,M,87,破壊戦闘技術,combat,attack,combat,self,
,,,,heal,attack,absorb,self,
,,,,,,,,
# 砂漠の秘宝,,,,,,,,
,,,,,,,,
カリファ,K,66,湖都の要塞,buff_self,hp_downto,atkup,self,HP1/2以下
,,,,buff_self,hp_downto,defup,self,HP1/3以下
ムニール ,F,124,ランプの恩恵,against_debuff,any,guard_slow,self,
タリシュガ,F,125,見抜く急所,buff_self,critical,atkup,self,
シェスメト,M,88,溢れ出る魔力,heal,wave_start,heal_self,self,
,,,,buff_self,hp_upto,atkup,self,
,,,,,,,,
シュラッカ,A,57,だいたんふてき,killer,vs_dragon,atkdefup,self,
,,,,killer,vs_golem,atkdefup,self,
,,,,,,,,
# 閃の軌跡IIコラボ,,,,,,,,
,,,,,,,,
リィン,F,126,フォース,buff_self,hp_downto,atkup,self,
アリサ,A,58,セントアライブ,heal,wave_start,heal_all,all,
,,,,mana,battle_start,mana_charge,resource,
ラウラ,K,67,真・鉄砕刃,buff_self,any,atkup,self,
,,,,for_debuff,for_down,atkup,self,
フィー,F,127,レイヴン,buff_self,any,speedup,self,
,,,,buff_self,attack,critup,self,
トワ,A,59,セプター,resource,battle_end,goldup,resource,
クレア,A,60,メビウス,heal,wave_start,heal_one,hp_worst,
エリオット,P,37,カノン,buff_self,heal,areaup,self,
,,,,,,,,
ドリームキャスト,K,68,拡張スロット,resource,battle_end,goldup,resource,
,,,,buff_self,any,guardup,self,
,,,,,,,,
# 2部3章,,,,,,,,
,,,,,,,,
ユギギ,F,128,クロノインシ,buff_self,any,atkup,self,防御力低下
テリリア,F,129,いつも褒めて！,buff_self,any,atkspeedup,self,
シェギギム,F,130,忠犬の援護,buff_self,any,defup,self,
,,,,heal,wave_start,heal_self,self,
グララオ,F,131,虎武激励,heal,any,heal_cycle,self,
,,,,for_debuff,for_down,atkup,self,
,,,,,,,,
チロルル,F,132,世話焼き,buff_self,any,defup,self,
オウララ,F,133,クールパイク,buff_self,any,atkup,self,
,,,,buff_self,any,guard_ice,self,
キココナ,F,134,霊山の声,field,in_upland,atkdefup,self,
,,,,field,in_snow,atkdefup,self,
ディシシヤ,F,135,虎の誇り,buff_self,any,atkup,self,
レジジ,F,136,打倒の連撃,skillup,any,skill_atkup,self,
リジジ,F,137,獣飛の追撃,for_debuff,for_slow,atkup,self,
ニュガガス,M,89,炎精守護壁,buff_self,any,atkup,self,
,,,,buff_self,any,guard_fire,self,
,,,,,,,,
ラミミス,F,138,炎の壁,buff_self,any,guard_fire,self,
ネジジア,F,139,登山の心得,field,in_upland,atkdefup,self,
,,,,field,in_snow,atkdefup,self,
ゼシシラ,F,140,害虫駆除,killer,vs_insect,atkup,self,
クルルア,A,61,援護射撃,buff_self,attack,atkup,self,
ニリリス,M,90,物騒なシャレ,skillup,any,skill_atkup,self,
,,,,add_debuff,skill,poison,enemy,
パモモイ,M,91,マナの共鳴,skillup,any,skill_atkup,self,
ユルルガ,M,92,大物狙い,buff_self,boss_wave,atkup,self,
フリリム,P,38,おすすめの靴,buff_self,any,speedup,self,
ミリリア,P,39,小さな幸福,resource,battle_end,expup,resource,
,,,,,,,,
ジルルア,F,141,努力家,buff_self,any,atkup,self,
ビゾゾエ,A,62,援護射撃,buff_self,attack,atkup,self,
コルルリ,A,63,登山の心得,field,in_upland,atkdefup,self,
,,,,field,in_snow,atkdefup,self,
,,,,,,,,
リンセ,F,142,繋がる縁,heal,wave_start,heal_self,self,
ニコル,M,93,聖夜の願い,heal,wave_start,heal_one,hp_worst,
,,,,buff_self,any,guard_ice,self,
,,,,,,,,
# 魔神フロガビトゥス戦,,,,,,,,
,,,,,,,,
ギン,F,143,戦闘舞踊,skillup,any,skill_atkup,self,
,,,,add_debuff,critical,down,enemy,
ドルテ,F,144,機能的な護り,heal,wave_start,heal_self,self,
フロガビトゥス,K,69,魔神の装飾,heal,wave_start,heal_all,all,
,,,,,,,,
ツガル,F,145,鬼風車奏法,buff_self,hp_upto,atkspeedup,self,
メリオ,A,64,バリケード,buff_all,in_sub,defup,all,
,,,,,,,,
# 九領外伝フェス,,,,,,,,
,,,,,,,,
ズイハ,A,65,ズイハの采配,buff_self,any,atkup,self,
シドウ,F,146,撫で斬り御免,buff_self,any,atkup,self,防御力低下
ユミコ,M,94,お守り頭蓋,against_debuff,any,guard_poison,self,
,,,,against_debuff,any,guard_undead,self,
,,,,,,,,
アイレ,A,66,見えざる支援,buff_all,any,atkup,all,
,,,,,,,,
# 魔神タリビク戦,,,,,,,,
,,,,,,,,
ファルナーズ,K,70,鼓舞の舞踏,buff_self,any,atkspeedup,self,
タリビク,A,67,魅惑マニュアル,killer,vs_human,atkdefup,self,
,,,,,,,,
ヴェスパ,K,71,女王蜂,add_debuff,attack,poison,enemy,
ドゥルセ,M,95,絶品タルト,heal,wave_start,heal_all,all,
,,,,,,,,
# ラジオコラボ,,,,,,,,
,,,,,,,,
リヒト,P,40,微かな光,mana,battle_start,mana_charge,resource,
,,,,heal,attack,absorb,self,
ファルベ,M,96,愛情のおすそ分け,heal,wave_start,heal_one,hp_worst,
ハンフ,F,149,強敵戦闘指南,buff_self,boss_wave,atkup,self,
,,,,killer,vs_black,atkup,self,
ロッソ＝ロッソ,F,150,オーバーヒート,buff_self,hp_downto,atkup,self,
,,,,buff_self,any,guard_ice,self,
レミラ,K,72,聖供の加護,buff_all,in_sub,defup,all,
リノセ,K,73,頑丈な身体,against_debuff,any,guard_push,self,
,,,,against_debuff,any,guard_down,self,
ザイド,A,68,古物商の目,resource,battle_end,goldup,resource,
,,,,resource,battle_start,treasure,resource,
ヨイチ,A,69,お付きの者,heal,wave_start,heal_one,hp_worst,
パルマー,M,97,算術士の指導,mana,wave_start,mana_charge,resource,
,,,,resource,battle_end,expup,resource,
,,,,,,,,
# 羽ばたく自由の鷹,,,,,,,,
,,,,,,,,
ミノア,K,74,清廉の盾,buff_self,boss_wave,atkdefup,self,
レリアン,K,75,宿命の鎌,buff_self,any,atkup,self,防御力低下
ソール,K,76,天の守護,buff_self,hp_downto,atkup,self,
ディード,K,77,白鷹の翼,buff_self,any,speedup,self,
,,,,against_debuff,any,guard_slow,self,
,,,,,,,,
マスターシステム,A,70,独自の感性,resource,battle_end,expup,resource,
,,,,buff_all,in_sub,defup,all,
エールイ,M,98,氷の涙,against_debuff,any,guard_freeze,self,
,,,,buff_self,any,guard_ice,self,
,,,,,,,,
# 2部4章,,,,,,,,
,,,,,,,,
タチアナ,A,71,蜜毒の罠,for_debuff,for_poison,atkup,self,
,,,,mana,battle_start,mana_charge,resource,
アリシア,A,72,人格変更トリガー,in_debuff,in_poison,atkup,self,
,,,,in_debuff,in_slow,atkup,self,
,,,,in_debuff,in_blind,atkup,self,
ボムボマー,A,73,爆炎と爆煙,against_debuff,any,guard_blind,self,
,,,,buff_self,any,guard_fire,self,
ドーリィ,A,74,殺戮葬送,for_debuff,for_slow,atkup,self,
,,,,,,,,
ゾーイ,F,147,吸血剣,heal,attack,absorb,self,
ヴァリー,F,148,拘束解放技能,in_debuff,in_poison,atkup,self,
,,,,in_debuff,in_slow,atkup,self,
,,,,in_debuff,in_blind,atkup,self,
セスト,A,75,ウィークポイントショット,for_debuff,for_slow,atkup,self,
キース,A,76,ギャングスター,in_debuff,in_poison,atkup,self,
,,,,in_debuff,in_slow,atkup,self,
,,,,in_debuff,in_blind,atkup,self,
エレオノーラ,A,77,抵抗射撃,buff_all,in_sub,atkup,all,
エリシャ,P,41,神の為に,heal,wave_start,heal_one,hp_worst,
,,,,,,,,
イラリオン,F,151,カリスマ的指導,resource,battle_end,expup,resource,
ハーディー,F,152,暗殺の手解き,buff_self,critical,atkup,self,
ジェラルド,K,78,報復,buff_self,dropout_member,atkup,self,
レオン,K,79,堅物看守,buff_self,any,defup,self,
ローゼマリー,K,80,奔放看守,buff_self,any,atkup,self,
アンセルム,A,78,耽美の追及,add_debuff,attack,blind,enemy,
ゼハティ,A,79,銃のメンテナンス,buff_self,attack,atkup,self,
ヴィリヘルム ,P,42,望まれぬ癒し,buff_self,heal,healup,self,防御力低下
カミラ,M,99,天啓,mana,wave_start,mana_boost,resource,
,,,,,,,,
チョコロロ,F,153,無垢なる援護,buff_self,any,speedup,self,
サンディ,A,80,仕込み毒,add_debuff,attack,poison,enemy,
ザカリー,A,81,脱獄王の助言,buff_self,hp_upto,atkup,self,
,,,,,,,,
セガ・マークIII,A,82,ショータイム！,buff_self,any,atkup,self,
,,,,,,,,
# 七つの大罪コラボ,,,,,,,,
,,,,,,,,
メリオダス,K,81,<豚の帽子>店主,resource,battle_end,goldup,resource,
バン,F,154,獲物狩り,heal,attack,absorb,self,
キング,M,100,第二形態守護獣,buff_self,any,defup,self,
,,,,buff_self,any,guard_fire,self,
ディアンヌ,F,155,砂の渦,add_debuff,attack,slow,enemy,
ホーク,F,156,タル生エール販売,resource,battle_end,goldup,resource,
ギルサンダー,K,82,雷鳴斬,buff_self,any,atkup,self,
エリザベス,P,43,見習いウェイトレス,buff_all,in_sub,defup,all,
,,,,,,,,
ルーノ,K,83,魔祓いの流儀,killer,vs_ghost,atkup,self,
,,,,heal,wave_start,heal_one,hp_worst,
,,,,,,,,
# 討伐戦,,,,,,,,
,,,,,,,,
ハルアキ,F,157,雪割草,buff_self,any,atkup,self,
,,,,for_debuff,for_down,atkup,self,
トウカ,F,158,生きる意思,heal,wave_start,heal_all,all,
イザヤ,M,101,レンタル超魔道探知機,buff_self,any,atkup,self,
,,,,resource,battle_start,treasure,resource,
ビエンタ,M,102,豪快な指揮,for_debuff,for_slow,atkup,self,
,,,,buff_all,in_sub,atkup,all,
ラビィ,K,84,お気に入りの靴,buff_self,any,speedup,self,
,,,,against_debuff,any,guard_slow,self,
フェイスレス,A,83,ポーカーフェイス,skillup,any,skill_atkup,self,
,,,,killer,vs_goblin,atkup,self,
ミニモ,M,103,出張依頼,heal,wave_start,heal_one,hp_worst,
,,,,resource,battle_end,expup,resource,
ラファーガ,F,159,闘争心の塊,buff_self,critical,atkup,self,
,,,,,,,,
カスガ,F,160,特製ダンゴ,heal,wave_start,heal_one,hp_worst,
,,,,,,,,
# 大海チェインストーリーフェス,,,,,,,,
,,,,,,,,
マレーナ,F,161,海賊姫の名告り,buff_self,any,atkup,self,
,,,,heal,any,heal_cycle,self,
クララ,M,104,標の暖光,skillup,any,skill_atkup,self,
,,,,buff_self,any,guard_fire,self,
オーガスタス,A,84,潜在利益,mana,wave_start,mana_boost,resource,
,,,,,,,,
ノエル,P,44,決意の祈り,buff_self,heal,healup,self,
,,,,,,,,
# 魔神アルフィン戦,,,,,,,,
,,,,,,,,
シャウナ,M,105,魔法家庭教師,buff_self,any,atkspeedup,self,
アルフィン,M,106,けんかはダメ！,combat,any,combat,self,
,,,,buff_self,hp_downto,atkup,self,
,,,,,,,,
モルシェラ,A,85,コウモリの加護,buff_self,any,critup,self,
,,,,against_debuff,any,guard_blind,self,
,,,,,,,,
# 監獄カジノオープン,,,,,,,,
,,,,,,,,
キャンディス,A,86,狙撃観測,mana,wave_start,mana_boost,resource,
バラクーダ,F,162,走り屋の極意,buff_self,hp_upto,atkspeedup,self,
,,,,field,in_beach,atkdefup,self,
,,,,field,in_ship,atkdefup,self,
,,,,field,in_sea,atkdefup,self,
コラール,M,107,麗しき珊瑚,buff_self,any,atkup,self,
,,,,field,in_beach,atkdefup,self,
,,,,field,in_ship,atkdefup,self,
,,,,field,in_sea,atkdefup,self,
,,,,,,,,
# 迷宮山脈とゴブリンの王国,,,,,,,,
,,,,,,,,
ルチア,F,163,ガラスの装飾,buff_self,any,critup,self,
,,,,heal,attack,absorb,self,
グリダ,F,164,採掘の勘,add_debuff,attack,down,enemy,
,,,,buff_self,critical,atkup,self,
ピピ,M,108,大道芸人の意志,for_debuff,for_blind,atkup,self,
,,,,for_debuff,for_freeze,atkup,self,
,,,,for_debuff,for_down,atkup,self,
オルガ,F,165,愛用の戦槌,buff_self,any,critup,self,
,,,,buff_self,critical,atkup,self,
,,,,,,,,
ガーランド,K,85,殿のジンクス,buff_self,any,defup,self,
,,,,,,,,
# 500万DL記念,,,,,,,,
,,,,,,,,
ファティマ,M,109,運命学の知識,skillup,any,skill_atkup,self,
,,,,mana,wave_start,mana_boost,resource,
,,,,,,,,
# 2部5章,,,,,,,,
,,,,,,,,
リン,M,110,理の法術,pierce,attack,pierce,enemy,
ピノ,M,111,委ねる希望,mana,wave_start,mana_boost,resource,
セト,M,112,朧げな世界,field,any,atkdefup,self,
ラナ,M,113,電光石火,buff_self,any,critup,self,
,,,,killer,vs_bird,atkup,self,
ザラ,M,114,陰り瞬く挽火,buff_self,hp_downto,atkup,self,2/3以下・半分以下でそれぞれ追加
トア,P,45,癒しの根底,buff_self,heal,healup,self,
,,,,heal,wave_start,heal_one,hp_worst,
,,,,,,,,
キリ,F,166,先導する冒険家,buff_self,any,atkup,self,
,,,,heal,any,heal_cycle,self,
アト,K,86,防壁展開,buff_all,in_sub,defup,all,
アン,A,87,大人のオシャレ,resource,battle_start,treasure,resource,
,,,,killer,vs_bird,atkup,self,
テラ,P,46,残照の記憶,heal,wave_start,heal_all,all,
ドリ,M,115,描き留める情景,buff_self,hp_upto,atkspeedup,self,
ロズ,M,116,歴史書の断片,resource,battle_end,expup,resource,
,,,,,,,,
ジリ,F,167,やりたいこと探し,resource,battle_end,expup,resource,
コト,F,168,登山の心得,field,in_upland,atkdefup,self,
,,,,field,in_snow,atkdefup,self,
ルイ,P,47,衰弱耐性,against_debuff,any,guard_weaken,all,
ハグ,P,48,薄命の守り手,heal,wave_start,heal_one,hp_worst,
サニ,M,117,一生懸命！,buff_self,boss_wave,atkup,self,
ケナ,M,118,手伝ってやるよ,buff_self,hp_upto,atkup,self,
ジズ,M,119,炎の防御陣,buff_self,any,guard_fire,self,
シナ,M,120,手作りアミュレット,skillup,any,skill_atkup,self,
キア,M,121,ゆがみの魔力,buff_self,any,atkup,self,
フイ,M,122,機能性アイウェア,against_debuff,any,guard_blind,self,
,,,,for_debuff,for_blind,atkup,self,
ナリ,M,123,なにかの薬,skillup,any,skill_atkup,self,
チル,M,124,がまぐち,resource,battle_end,goldup,resource,
ラス,M,125,護る為に,buff_all,in_sub,defup,all,
,,,,,,,,
ルト,F,169,おすすめの靴,buff_self,any,speedup,self,
ネノ,M,126,安全祈願,heal,wave_start,heal_one,hp_worst,
カヌ,M,127,援護射撃,buff_self,attack,atkup,self,
,,,,,,,,
# 魔神タクリタン戦,,,,,,,,
,,,,,,,,
シュレン,F,170,第七領の蓮刃,buff_self,hp_downto,atkspeedup,self,
フリーダ,M,128,魔術書コレクター,buff_self,any,atkup,self,
,,,,resource,battle_end,goldup,resource,
マトイ,F,171,忍びの女の子☆,buff_self,critical,atkup,self,
ハヤテ,F,172,領主の守護,buff_self,any,defup,self,
,,,,add_debuff,critical,down,enemy,
パルゥ,A,88,薬弓使い,add_debuff,attack,poison,enemy,
タクリタン,M,129,世界を渡るもの,buff_self,boss_wave,atkdefup,self,
,,,,,,,,
レガレ,M,130,リュウグウノツカイの加護,buff_self,any,atkup,self,
,,,,field,in_beach,atkdefup,self,
,,,,field,in_ship,atkdefup,self,
,,,,field,in_sea,atkdefup,self,
,,,,,,,,
# 2周年記念,,,,,,,,
,,,,,,,,
ロレッタ,F,173,破壊魔人の剛力,buff_self,critical,atkup,self,
,,,,buff_self,hp_downto,atkspeedup,self,
ニンファ,F,174,幸運のおすそわけ,buff_self,any,critup,self,
,,,,resource,battle_start,treasure,resource,
アルドラ,M,131,万象の魔導,buff_self,any,atkup,self,
,,,,mana,battle_start,mana_charge,resource,
ナックル,K,87,黄金の光,resource,battle_end,expup,resource,
,,,,field,in_town,atkdefup,self,
,,,,,,,,
# ケ者チェインストーリーフェス,,,,,,,,
,,,,,,,,
ガルルア,F,175,追従せし犬鼻,heal,any,heal_cycle,self,
,,,,skillup,any,skill_atkup,self,
シャロララ,F,176,兎耳の付添,heal,wave_start,heal_one,hp_worst,
,,,,mana,battle_start,mana_charge,resource,
フォリリネ,F,177,気まぐれ狐尾,in_debuff,in_slow,atkup,self,
,,,,in_debuff,in_blind,defup,self,
ザリリオ,F,178,虎牙の突破力,buff_self,boss_wave,atkdefup,self,
,,,,,,,,
アスルトル,F,179,呪詛の恩恵,in_debuff,in_poison,atkdefup,self,
,,,,in_debuff,in_slow,atkdefup,self,
,,,,in_debuff,in_blind,atkdefup,self,
,,,,,,,,
# ブレイブフロンティアコラボ,,,,,,,,
,,,,,,,,
ヴァルガス,F,180,燃え続ける意思,buff_self,any,atkup,self,
,,,,buff_self,any,critup,self,
ルナリス,M,132,タナトス,against_debuff,any,guard_blind,self,
セリア,F,181,紅き鬼神の叫び,buff_self,critical,atkup,self,
カル,K,88,蒼き魂,against_debuff,any,guard_freeze,self,
ティリス,P,49,虹女神の片鱗,against_debuff,any,guard_slow,self,
,,,,against_debuff,any,guard_curse,self,
,,,,,,,,
イビサム,F,182,刹那のツッコミ,for_debuff,for_freeze,atkup,self,
バスマ,K,89,ボケの閃き,add_debuff,attack,freeze,enemy,
,,,,,,,,
ツヅミ,F,183,九領の太鼓奏者,buff_self,critical,atkup,self,
,,,,skillup,any,skill_atkup,self,
,,,,,,,,
# 魔神ロサビス戦,,,,,,,,
,,,,,,,,
ロザリア,F,184,魔剣の指導,buff_self,any,speedup,self,
,,,,add_debuff,attack,slow,enemy,
ロサビス,K,90,鉄魔神,against_debuff,any,guard_down,self,
,,,,buff_self,any,defup,self,
,,,,,,,,
# フーコの夏祭り,,,,,,,,
,,,,,,,,
シンフォニア,K,91,法被の光,mana,battle_start,mana_charge,resource,
,,,,heal,wave_start,heal_one,hp_worst,
ヴェルナー,M,133,甚平の波動,buff_self,any,critup,self,
,,,,add_debuff,critical,down,enemy,
ユニ,M,134,かき氷の刻印,pierce,attack,pierce,enemy,
,,,,buff_self,any,guard_ice,self,
ローエンディア,K,92,白き浴衣道,against_debuff,any,reduce_weaken,self,
,,,,skillup,any,skill_atkup,self,
エレミア,M,135,浴衣式準備術,against_debuff,any,guard_blind,self,
,,,,mana,battle_start,mana_boost,resource,
アリエッタ,P,50,紫陽花心,buff_self,heal,healup,self,
,,,,heal,wave_start,heal_one,hp_worst,
フーコ,F,185,かげのたいちょう,buff_all,in_sub,defspeedup,all,
フィーナ,P,51,フィーナの涼風,heal,heal,heal_all,all,
,,,,,,,,
シュゾン,K,93,平和への決意,buff_self,any,defspeedup,self,
,,,,,,,,
# 罪の大陸新キャラ追加,,,,,,,,
,,,,,,,,
ホルスト,A,89,双銃闘術・掩式,combat,attack,combat,self,
ヨハンナ,A,90,役者の手解き,add_debuff,attack,blind,enemy,
,,,,add_debuff,skill,blind,enemy,
ユディト,A,91,監獄の復讐鬼,add_debuff,attack,down,enemy,
,,,,buff_self,dropout_member,atkup,self,
ベッツィー,F,186,血浴びの秘訣,heal,critical,absorb,self,
,,,,,,,,
# シャイニング・レゾナンスコラボ,,,,,,,,
,,,,,,,,
ジーナス,F,187,凄然たる狂刃,buff_self,critical,atkup,self,
,,,,add_debuff,critical,down,self,
ゼスト,F,188,解放する破戒の力,buff_self,boss_wave,atkdefup,self,
エクセラ,K,94,帝国皇女,against_debuff,any,guard_slow,self,
,,,,add_debuff,attack,slow,enemy,
ベアトリス,F,189,闇の刃,add_debuff,attack,poison,enemy,
ゲオルグ,K,95,黒狼の補助,heal,any,heal_cycle,self,
,,,,heal,wave_start,heal_self,self,
マリオン,A,92,測定魔眼,buff_self,critical,atkup,self,
ヨアヒム,P,52,断罪の加護,buff_self,any,atkup,self,
,,,,,,,,
ユーマ,F,190,煌めく明星,buff_self,any,atkdefup,self,
,,,,heal,any,heal_cycle,self,
ソニア,K,96,白銀王女,buff_self,any,guardup,self,ボスWAVEで効果上昇
キリカ,A,93,生命の守護,against_debuff,any,guard_poison,self,
,,,,against_debuff,any,guard_weaken,self,
アグナム,F,191,頼れる兄貴,for_debuff,for_down,atkup,self,
レスティ,K,97,冷静な戦槍,add_debuff,attack,down,enemy,
リンナ,P,53,忠義の絆,buff_self,heal,healareaup,self,
,,,,,,,,
ソニア,K,98,姫たる想い,buff_self,boss_wave,atkup,self,
,,,,heal,wave_start,heal_one,hp_worst,
キリカ,A,94,安らぐ歌声,heal,heal,heal_all,all,
,,,,,,,,
# 2部6章,,,,,,,,
,,,,,,,,
フェーべ,K,99,サブソニック,buff_self,any,speedup,self,
,,,,buff_self,hp_downto,atkup,self,
エレメンガルト,K,100,反響する涙,heal,wave_start,heal_self,self,
ケーテ,K,101,キャノンブースト,skillup,any,skill_atkup,self,
ハンネス,A,95,ヘルファイア,buff_self,any,critup,self,
オリヴィア,A,96,戦場に響く銃声,buff_self,any,speedup,self,
,,,,buff_self,attack,atkup,self,
,,,,,,,,
アルトルム,F,192,ナイスマッスル,heal,any,heal_cycle,self,
アリーナ,F,193,打ち砕く鉄拳,skillup,any,skill_atkup,self,
ディートリンデ,K,102,時間厳守！,against_debuff,any,guard_slow,self,
フロレンツィア,K,103,灼熱の闘志,buff_self,hp_downto,atkup,self,
フリードリッヒ,K,104,グレートボディ,against_debuff,any,guard_poison,self,
,,,,against_debuff,any,reduce_weaken,self,
エーリヒ,A,97,後衛射撃,buff_self,any,atkup,self,
ランドルフ,A,98,前衛射撃,buff_self,any,speedup,self,
ミリヤム,A,99,歴史のひとかけら,resource,battle_end,expup,resource,
ビアンカ,P,54,未来のために,buff_self,heal,areaup,self,
,,,,mana,skill,destroy_scrap,resource,
,,,,,,,,
クルト,F,194,追い打ち,for_debuff,for_down,atkup,self,
オティーリエ,K,105,修復機能,heal,wave_start,heal_one,hp_worst,
アンチェ,K,106,緊急防御,buff_self,hp_downto,defup,self,
アニヤ,K,107,戦闘作法・上級,resource,battle_end,expup,resource,
アレックス,K,108,本気,buff_self,hp_downto,atkup,self,
カーヤ,K,109,勤勉者,killer,vs_machine,atkup,self,
イリーネ,A,100,街の音楽家,field,in_town,fullup,self,
,,,,field,in_castle,fullup,self,
レーネ,A,101,賞金稼ぎの技術,buff_self,boss_wave,atkup,self,
ラース,P,55,毒耐性,against_debuff,any,guard_poison,self,
,,,,,,,,
ツィスカ,K,110,本気,buff_self,hp_downto,atkup,self,
エッケハルト,A,102,援護射撃,buff_self,attack,atkup,self,
,,,,,,,,
ライラック,K,111,弔いの花言葉,buff_self,any,atkup,self,
,,,,buff_self,any,critup,self,
,,,,,,,,
# 九領キャラ追加,,,,,,,,
,,,,,,,,
ミシマ,F,195,十領領主の助言,add_debuff,critical,down,enemy,
,,,,field,in_beach,atkdefup,self,
,,,,field,in_ship,atkdefup,self,
,,,,field,in_sea,atkdefup,self,
ムラクモ,F,196,霧雲の剣術,buff_self,critical,atkup,self,
,,,,field,in_wasteland,atkdefup,self,
クズノハ,M,136,式神纏い,for_debuff,for_curse,atkup,self,
,,,,for_debuff,for_down,atkup,self,
,,,,against_debuff,any,guard_curse,self,
キョウカ,F,197,鬼嫁の加護,killer,vs_ogre,atkup,self,
,,,,buff_self,hp_downto,atkup,self,
エンクウ,P,56,一飯の恩,heal,wave_start,heal_one,hp_worst,
,,,,,,,,
# 竜徹フェス,,,,,,,,
,,,,,,,,
フリージア,M,137,氷の魔杖,buff_self,any,guard_ice,self,
,,,,add_debuff,attack,freeze,enemy,
,,,,,,,,
# お菓子とおばけと子供たち,,,,,,,,
,,,,,,,,
テルー,M,138,おばけマスコット,buff_all,in_sub,defup,all,
シュガー,M,139,あたしのお菓子,heal,wave_start,heal_one,hp_worst,
,,,,,,,,
# アトリエ「アーランドシリーズ」コラボ,,,,,,,,
,,,,,,,,
トトリ,M,140,ロロナの危険な本,buff_self,any,speedup,self,
,,,,buff_self,any,critup,self,
メルル,M,141,ロロナの落書き,skillup,any,skill_atkup,self,
,,,,buff_self,boss_wave,atkup,self,
ステルク,K,112,騎士の誇り,buff_self,any,critup,self,
ミミ,F,198,名家の誇り,buff_self,any,speedup,self,
,,,,against_debuff,any,reduce_slow,self,
クーデリア,A,103,友情のペンダント,buff_self,any,atkup,self,
,,,,for_debuff,for_slow,atkup,self,
ケイナ,P,57,幸運の恩恵,buff_all,in_sub,atkdefup,all,
,,,,resource,battle_start,treasure,resource,
,,,,,,,,
ロロナ,M,142,旅人の靴,buff_self,any,speedup,self,
ロロナ,M,143,師匠の走り書き,buff_self,any,atkup,self,
,,,,add_debuff,attack,slow,enemy,
,,,,,,,,
リュドミラ,F,199,堕天使の予防注射,against_debuff,any,reduce_poison,self,
ナナイ,M,144,援護用錬金術,buff_all,in_sub,atkdefup,all,
,,,,,,,,
# ショートストーリーズフェス,,,,,,,,
,,,,,,,,
キララネ,M,145,カミの祝福,buff_self,any,atkup,self,
,,,,mana,battle_start,mana_charge,resource,
,,,,,,,,
# 相剋の精霊島,,,,,,,,
,,,,,,,,
リンセ,F,200,山猫の真髄,buff_self,any,atkspeedup,self,
アギーラ,F,201,白鷲の強,buff_self,boss_wave,atkdefup,self,
スピリオーナ,A,104,宵闇の火,against_debuff,any,guard_blind,self,
,,,,field,in_forest,atkdefup,self,
,,,,field,in_night,atkdefup,self,
リーニャ,A,105,静かな日陽,heal,wave_start,heal_all,all,
,,,,buff_self,attack,atkup,self,
,,,,,,,,
ソフィー,M,146,食いしんぼう,heal,wave_start,heal_all,all,
サクヤ,F,202,紅蓮のドレス,buff_self,any,atkup,self,防御力低下
,,,,,,,,
# 聖剣伝説コラボ,,,,,,,,
,,,,,,,,
ケヴィン,F,203,優しき心,heal,wave_start,heal_one,hp_worst,
,,,,field,in_night,atkdefup,self,
ホークアイ,F,204,さばくのあらし,mana,battle_start,mana_charge,resource,
,,,,field,in_desert,atkdefup,self,
シャルロット,P,58,こわくないでち！,heal,wave_start,heal_one,hp_worst,
,,,,killer,vs_skeleton,atkdefup,self,
,,,,,,,,
ランディ,F,205,日々の鍛錬,resource,battle_end,expup,resource,
プリム,F,206,エナジーボール,buff_self,any,critup,self,
,,,,heal,attack,absorb,self,
ポポイ,M,147,ドリアードの加護,mana,wave_start,mana_boost,resource,
,,,,field,in_forest,atkdefup,self,
,,,,,,,,
デュラン,F,207,ロキの形見,buff_self,any,atkup,self,
,,,,killer,vs_dragon,atkdefup,self,
リース,K,113,アマゾネスの指南書,buff_self,any,speedup,self,
,,,,add_debuff,attack,down,enemy,
アンジェラ,M,148,アルテナの秘術,mana,battle_start,mana_charge,resource,
,,,,buff_self,attack,atkup,self,
,,,,,,,,
シジマ,P,59,武門の心得,skillup,any,skill_atkup,self,
,,,,heal,wave_start,heal_one,hp_worst,
ダスティ,F,208,戦場の武器商人,resource,battle_end,goldup,resource,
,,,,buff_self,any,speedup,self,
,,,,,,,,
# 2部7章,,,,,,,,
,,,,,,,,
セラフィー,F,209,熾典の羽,buff_self,any,atkspeedup,self,
クライン,F,210,郷愁の念,buff_self,any,defup,self,
,,,,heal,wave_start,heal_self,self,
ツァーリ14世,K,114,王の資質,buff_self,any,defup,self,
,,,,field,in_battlefield,atkspeedup,self,
レノ,A,106,揺るがぬ強運,buff_self,attack,atkup,self,
,,,,mana,wave_start,mana_boost,resource,
イシュチェル,A,107,神眼の手助け,buff_self,any,critup,self,
オデッセイア,M,149,姫皇子のマナ,mana,battle_start,mana_charge,resource,
,,,,field,in_beach,atkdefup,self,
,,,,field,in_ship,atkdefup,self,
,,,,field,in_sea,atkdefup,self,
メッテイヤ,M,150,竜神女王の喝,pierce,attack,pierce,enemy,
,,,,,,,,
ミョルン,F,211,鼓舞の遠吠え,skillup,any,skill_atkup,self,
ミンミ,K,115,オフェンスリング,buff_self,hp_upto,atkspeedup,self,
シリル,K,116,奮起の一撃,buff_self,dropout_member,atkup,self,
シェキナ,A,108,爆裂援護射撃,buff_self,attack,atkup,self,
レンレ,P,60,ディフェンスリング,heal,wave_start,heal_one,hp_worst,
フィシ,P,61,世界樹の雫,heal,wave_start,heal_all,all,
,,,,,,,,
ギュネス,P,62,闇を照らす光,buff_self,any,healup,self,
,,,,,,,,
# クリスマス2015/監獄チェインストーリー,,,,,,,,
,,,,,,,,
キャロル,M,151,聖夜の加護,buff_self,any,guard_ice,self,
,,,,against_debuff,any,reduce_freeze,self,
リーア,P,63,好奇心,resource,battle_start,treasure,resource,
,,,,buff_all,in_sub,atkup,all,
,,,,,,,,
# 魔神ズフラス戦,,,,,,,,
,,,,,,,,
エイラ,K,117,森を想う心,field,in_forest,atkdefup,self,
ズフラス,A,109,森を慈しむ心,mana,wave_start,mana_boost,resource,
,,,,add_debuff,attack,poison,enemy,
,,,,,,,,
# 2016新年,,,,,,,,
,,,,,,,,
シュザ,F,212,領主の指南,against_debuff,any,guard_down,self,
,,,,buff_self,any,critup,self,
マカコ,F,213,森のイタズラ好き,field,in_forest,atkdefup,self,
,,,,,,,,
タピール,M,152,夢旅人,mana,wave_start,mana_boost,resource,
,,,,buff_self,any,speedup,self,
アトノア,M,153,二つ星教授,mana,wave_start,mana_boost,resource,
,,,,buff_self,any,atkup,self,
,,,,,,,,
# 空の軌跡SCコラボ,,,,,,,,
,,,,,,,,
ヨシュア,F,214,真・絶影,add_debuff,attack,poison,enemy,
,,,,add_debuff,attack,blind,enemy,
,,,,add_debuff,attack,slow,enemy,
レーヴェ,F,216,必殺の理,skillup,any,skill_atkup,self,
,,,,killer,vs_human,atkup,self,
エステル,K,118,猪突猛進,buff_self,any,defup,self,
,,,,heal,attack,absorb,self,
レン,M,154,おマセな仔猫,buff_self,critical,atkup,self,
,,,,heal,any,heal_cycle,self,
,,,,,,,,
ヨシュア,F,215,フォルテ,buff_self,any,atkup,self,
アネラス,F,217,八葉の教え,buff_self,hp_upto,atkspeedup,self,
クローゼ,K,119,空の女神の祝福,heal,wave_start,heal_all,all,
アガット,K,120,練気,buff_self,hp_downto,atkspeedup,self,
オリビエ,A,110,スナイプショット,buff_self,attack,atkup,self,
,,,,add_debuff,attack,blind,enemy,
ティータ,A,111,暗視ゴーグル,mana,wave_start,mana_boost,resource,
,,,,against_debuff,any,guard_blind,self,
,,,,,,,,
# 王都に咲く白百合,,,,,,,,
,,,,,,,,
ユリアナ,K,121,聖王女の剣,buff_self,any,atkup,self,
,,,,heal,any,heal_cycle,self,
リフレット,K,122,聖光の守護,buff_self,any,critup,self,
,,,,buff_self,hp_downto,defup,self,
ローエンディア,K,123,天翼の輝き,buff_self,any,guardup,self,
,,,,buff_self,boss_wave,atkup,self,
,,,,,,,,
# 戦場のヴァルキュリアコラボ,,,,,,,,
,,,,,,,,
イムカ,F,218,復讐の誓い,buff_self,boss_wave,atkup,self,防御力低下
セルベリア,K,124,ヴァルキュリアの加護,buff_self,any,fullup,self,
アリシア,A,112,不思議な体,buff_self,hp_upto,atkspeedup,self,
,,,,heal,wave_start,heal_self,self,
リエラ,A,113,世話焼き（リエラ）,buff_one,wave_start,atkup,hp_worst,
,,,,heal,wave_start,heal_one,hp_worst,
,,,,,,,,
ユリアナ,K,125,上流階級,buff_self,any,defup,self,
,,,,field,in_town,atkdefup,self,
ウェルキン,A,114,オーダー【一斉攻撃】,buff_all,in_sub,atkup,all,
イーディ,A,115,対人攻撃大アップ,killer,vs_human,atkdefup,self,
クルト,A,116,冷静,buff_self,hp_downto,atkspeedup,self,
,,,,,,,,
# 大海新キャラ,,,,,,,,
,,,,,,,,
チェイス,A,117,財宝の追求,resource,battle_start,treasure,resource,
ミラベル,P,64,神聖の加護,buff_self,any,healareaup,self,
イングリス,P,65,大がまぐち,resource,battle_end,goldup,resource,
,,,,,,,,
# バレンタイン2016,,,,,,,,
,,,,,,,,
モナミ,P,66,愛の聖人の末裔,buff_self,any,healup,self,
,,,,against_debuff,any,reduce_seal,self,
,,,,,,,,
# 魔法兵団フェス,,,,,,,,
,,,,,,,,
ヴェルナー,M,155,狂化の刻印,buff_self,attack,atkup,self,
カティア,M,156,魔法戦術高等指南,combat,attack,combat,self,
ユニ,M,157,極氷の加護,against_debuff,any,guard_freeze,self,
,,,,add_debuff,attack,freeze,enemy,
,,,,,,,,
# 2部7章後半（書架）,,,,,,,,
,,,,,,,,
ラベゼリン,F,219,成功の支配,buff_self,any,atkup,self,
,,,,mana,wave_start,mana_boost,resource,
スーリヤ,F,220,刃の舞,skillup,any,skill_atkup,self,
セレン,K,126,デモンヒール,heal,wave_start,heal_one,hp_worst,
アストライア,K,127,根絶やしの鎌,killer,vs_black,atkdefup,self,
グール＝ヴール,A,118,満ちる瘴気,add_debuff,attack,blind,enemy,
マスカルウィン,M,158,ネクロダンス,buff_self,dropout_member,atkup,self,
ペレキュデス,M,159,タイムエキスパンド,add_debuff,attack,slow,enemy,
シヴァーニ,M,160,受け継いだ魔力,buff_self,any,atkspeedup,self,
,,,,,,,,
スカレット,F,221,骸骨戦士,buff_self,critical,atkup,self,
,,,,heal,critical,absorb,self,
ソーマ,F,222,新米隊員,mana,wave_start,mana_boost,resource,
,,,,buff_self,any,speedup,self,
クライド,F,223,怠け禁止,buff_self,hp_downto,atkup,self,クリティカルダメージも上昇
ガシャ,K,128,骸骨騎士,buff_self,any,defup,self,
,,,,heal,any,heal_cycle,self,
カラ,A,119,骸骨弓士,buff_self,any,speedup,self,
,,,,add_debuff,attack,slow,enemy,
シャニ,M,161,紅き頭脳,buff_self,attack,atkup,self,近接戦闘のダメージも上昇
エティス,M,162,霧幻,against_debuff,any,guard_curse,self,
,,,,,,,,
# 魔神ハハブ戦,,,,,,,,
,,,,,,,,
チウウェン,F,224,宴の後片付け,mana,wave_start,mana_boost,resource,
,,,,for_debuff,for_poison,atkup,self,
ハハブ,F,225,宴の執行,buff_self,any,atkup,self,
,,,,heal,attack,absorb,self,
,,,,,,,,
アミーナ,K,129,天才役者の芝居,buff_self,any,atkup,self,
,,,,against_debuff,any,guard_down,self,
,,,,,,,,
# カジノディーラーフェス,,,,,,,,
,,,,,,,,
コモディア,F,226,スリルガール,in_debuff,in_poison,atkspeedup,self,
,,,,in_debuff,in_weaken,atkspeedup,self,
,,,,in_debuff,in_blind,atkspeedup,self,
トリッシュ,A,120,毒を込めた弾丸,add_debuff,attack,poison,enemy,
シース,F,227,見抜く瞳と鉄拳,against_debuff,any,guard_slow,self,
,,,,for_debuff,for_slow,atkup,self,
,,,,,,,,
# レムレス島,,,,,,,,
,,,,,,,,
カラミティ,F,228,冒険の心得,resource,battle_start,treasure,resource,
,,,,field,in_cave,atkdefup,self,
,,,,field,in_ruins,atkdefup,self,
ブリジット,F,229,鋼の胃袋,heal,wave_start,heal_self,self,
,,,,against_debuff,any,reduce_poison,self,
リズベル,K,130,常在修行の剣,resource,battle_end,expup,resource,
,,,,mana,battle_start,mana_charge,resource,
ダスク,A,121,餓狼の銃弾,resource,battle_end,goldup,resource,
,,,,buff_self,boss_wave,atkup,self,
レイチェル・アナスタシア,M,163,大魔法使いの援護,buff_self,any,speedup,self,
,,,,for_debuff,for_poison,atkup,self,
,,,,for_debuff,for_slow,atkup,self,
,,,,for_debuff,for_blind,atkup,self,
ストラッセ,M,164,最速の配達人,against_debuff,any,guard_slow,self,
,,,,buff_self,any,atkspeedup,self,
,,,,,,,,
キャロ,F,230,駆け出しの英雄,heal,any,heal_cycle,self,
カロラッカ,K,131,鬼面の瞳,add_debuff,attack,slow,enemy,
バッカス,A,122,一級の弓士,against_debuff,any,guard_blind,self,
,,,,buff_self,any,critup,self,
トゥキリス,P,67,真実の探求,resource,battle_start,treasure,resource,
アステリア,M,165,正義の鉄槌,buff_self,boss_wave,atkdefup,self,
,,,,,,,,
パウラ,F,231,塗りつぶす色,in_debuff,in_poison,atkup,self,
,,,,in_debuff,in_slow,atkup,self,
,,,,in_debuff,in_blind,atkup,self,
グレリア,F,232,棺桶の癒し,heal,any,heal_cycle,self,
,,,,mana,battle_start,mana_charge,resource,
カワード,F,233,前向きな気合,buff_self,hp_upto,atkup,self,
ディエゴ,F,234,封拳開放,buff_self,hp_downto,atkup,self,
スピラト,K,132,森のおたけび,field,in_forest,atkdefup,self,
シウロン,K,133,雑食の料理人,heal,attack,absorb,self,
チムニィ,K,134,重装甲,buff_self,any,guardup,self,
フォンダ,A,123,街中の銃使い,field,in_town,atkdefup,self,
,,,,field,in_castle,atkdefup,self,
チチカ,A,124,ミルクの補給,heal,wave_start,heal_one,hp_worst,
スカーレット,A,125,赤の踊り手,mana,wave_start,mana_boost,resource,
マハリシ,P,68,教師の教え,resource,battle_end,expup,resource,
リージス,M,166,骨の調査,killer,vs_skeleton,atkdefup,self,
アドベック,M,167,気付けのカクテル,against_debuff,any,reduce_slow,self,
エルダー,M,168,炎のタリスマン,buff_self,any,guard_fire,self,
,,,,,,,,
# うたわれコラボ,,,,,,,,
,,,,,,,,
ハク,F,235,策士の助言,buff_self,any,atkup,self,
,,,,killer,vs_human,atkup,self,
アトゥイ,F,236,海辺の戦闘技術,field,in_beach,atkdefup,self,
,,,,field,in_ship,atkdefup,self,
,,,,field,in_sea,atkdefup,self,
,,,,buff_self,any,guard_ice,self,
クオン,P,69,師匠の教え,mana,battle_start,mana_charge,resource,
,,,,heal,wave_start,heal_one,hp_worst,
ネコネ,M,169,才女の算術,resource,battle_end,expup,resource,
,,,,resource,battle_end,goldup,resource,
,,,,,,,,
オウギ,F,237,影なる支援,buff_self,any,crdamup,self,
ノスリ,A,126,弱きを守る義賊,buff_self,any,crdamup,self,
キウル,A,127,狩りの秘訣,killer,vs_bird,atkup,self,
,,,,killer,vs_boar,atkup,self,
ルルティエ,P,70,穏やかな姫君,mana,wave_start,mana_boost,resource,
,,,,buff_all,in_sub,defup,all,
,,,,,,,,
フロワ,M,170,良家のお嬢様,heal,wave_start,heal_one,hp_worst,
,,,,,,,,
# 魔神ラザニル戦,,,,,,,,
,,,,,,,,
チドリ,F,238,守りの極意,against_debuff,any,guard_down,self,
,,,,add_debuff,critical,down,enemy,
ランスバーン,K,135,剣聖の騎士道,buff_self,any,atkup,self,
,,,,add_debuff,attack,down,enemy,
ラザニル,A,128,繋がる縁と心,buff_self,any,critup,self,
,,,,add_debuff,critical,slow,enemy,
,,,,,,,,
トウアン,F,239,九領の鉄鍼,for_debuff,for_down,atkup,self,
,,,,heal,wave_start,heal_one,hp_worst,
ゲッベルツ,M,171,援護射撃,buff_self,attack,atkup,self,
,,,,,,,,
# 薄命チェインストーリーフェス,,,,,,,,
,,,,,,,,
ベレ,F,240,安らかな死を,buff_self,any,crdamup,self,
イド,M,172,剣の道,combat,attack,combat,self,
ケテ,M,173,吸収する少女,heal,attack,absorb,self,
スウ,P,71,眠れる夜の歌声,against_debuff,any,guard_weaken,self,
ムニ,M,174,閃きの助言,mana,wave_start,mana_boost,resource,
,,,,,,,,
# 2部7章ラスト,,,,,,,,
,,,,,,,,
フィーナ,M,175,フィーナの癒し,heal,wave_start,heal_all,all,
,,,,,,,,
マイラ,F,241,情報共有,killer,vs_goblin,atkup,self,
,,,,killer,vs_skeleton,atkup,self,
,,,,,,,,
# 義勇軍相撃,,,,,,,,
,,,,,,,,
ジューダ,F,242,享楽に興じる者,skillup,any,skill_atkup,self,
,,,,resource,battle_end,expup,resource,
アシュリー,A,129,腹黒少女,add_debuff,attack,poison,enemy,
,,,,against_debuff,any,guard_poison,self,
ミレイユ,F,243,怪力自慢,add_debuff,critical,down,enemy,
ツァイス,F,244,スカウトマン,field,in_night,atkdefup,self,
ヴィドック,A,130,諜報活動（ヴィドック）,buff_self,any,speedup,self,
トルウァトス,M,176,人心掌握術,add_debuff,attack,slow,enemy,
,,,,,,,,
トーガ,P,72,年の功,buff_self,any,healup,self,
,,,,,,,,
# ワダアルコフェス,,,,,,,,
,,,,,,,,
モルバ,K,136,族長の補佐,field,in_upland,atkdefup,self,
,,,,field,in_snow,atkdefup,self,
,,,,,,,,
# 魔神スクロロン戦,,,,,,,,
,,,,,,,,
ルククア,M,177,棘巫女のプライド,buff_self,any,critdamup,self,
メルルダ,P,73,精霊巫女の微笑み,heal,wave_start,heal_one,hp_worst,
スクロロン,F,245,荒々しい気性,buff_self,boss_wave,atkdefup,self,
,,,,,,,,
# 変身！真☆魔法少女,,,,,,,,
,,,,,,,,
リーゼロッテ,M,178,ティンクル・ガール,skillup,any,skill_atkup,self,
,,,,,,,,
# 鉄煙チェインストーリーフェス,,,,,,,,
,,,,,,,,
ヴァッサー,K,137,殺戮する機械,killer,vs_human,atkup,self,
ジルヴェスター,K,138,鉄屑の破壊,mana,own_skill,destroy_scrap,resource,
グリゼルディス,A,131,諜報活動（グリゼルディス）,mana,own_skill,destroy_scrap,resource,
ギーゼラ,A,132,蜂起する意志,mana,own_skill,destroy_scrap,resource,
,,,,,,,,
# レムレス島後半,,,,,,,,
,,,,,,,,
ラントカルテ,F,246,自称プロの測量士,buff_self,any,atkup,self,
,,,,heal,any,heal_cycle,self,
メディア,A,133,開拓者魂,mana,battle_start,mana_charge,resource,
,,,,heal,wave_start,heal_one,hp_worst,
ファクト,A,134,逮捕術,killer,vs_human,atkdefup,self,
ヘロディア,P,74,英雄譚,buff_all,in_sub,atkup,all,
ミアセラ,M,179,放浪の賭博師,mana,wave_start,mana_boost,resource,
フラッグス,F,247,報復,buff_self,dropout_member,atkup,self,
,,,,,,,,
# ダンまちコラボ,,,,,,,,
,,,,,,,,
ベル・クラネル,F,248,幸運の加護,against_debuff,any,guard_slow,self,
,,,,resource,battle_start,treasure,resource,
リュー・リオン,F,249,元冒険者の経験則,mana,battle_start,mana_charge,resource,
,,,,for_debuff,for_slow,atkdefup,self,
ヘスティア,P,75,神愛,buff_self,any,healareaup,self,
,,,,,,,,
ベル・クラネル,F,250,飛躍,resource,battle_end,expup,resource,
ヴェルフ・クロッゾ,F,251,職人気質,buff_self,any,atkup,self,
,,,,buff_self,any,crdamup,self,
リリルカ・アーデ,A,135,魔石回収,resource,battle_end,goldup,resource,
,,,,buff_all,in_sub,atkup,all,
ヤマト・命,A,136,武芸百般,buff_self,any,critup,self,
,,,,combat,attack,combat,self,
,,,,,,,,
アイズ・ヴァレンシュタイン,K,139,風の鎧,buff_self,any,fullup,self,
,,,,,,,,
ヤシュム,M,180,星のお告げ,mana,wave_start,mana_boost,resource,
,,,,heal,wave_start,heal_all,all,
グラシア,A,137,森の恵み,for_debuff,for_poison,atkup,self,
,,,,for_debuff,for_blind,atkup,self,
,,,,for_debuff,for_slow,atkup,self,
,,,,,,,,
# 3周年記念フェス,,,,,,,,
,,,,,,,,
リヴェラ,F,252,絆の剣,mana,battle_start,mana_charge,resource,僧がいれば僧マナも追加
,,,,,,,,
ロボピッチャ,F,253,千本ノック,buff_self,hp_downto,atkup,self,
メガドライブ２,M,181,計算好き,skillup,skill,skill_atkup,self,
,,,,,,,,
# 三賢者と超賢者,,,,,,,,
,,,,,,,,
メルティオール,M,182,力の研究,pierce,attack,pierce,enemy,
ディルマ,M,183,生命の魔法,killer,vs_skeleton,atkup,self,
,,,,heal,wave_start,heal_all,all,
トリスメギストス,M,184,止まぬ探究,buff_self,any,atkup,self,
,,,,buff_self,any,critup,self,
,,,,,,,,
ジュリア,K,140,巨人への耐性,killer,vs_giant,atkdefup,self,
,,,,,,,,
黒騎士,K,141,クロノチカラ,buff_self,any,atkup,self,
,,,,buff_self,boss_wave,atkup,self,
ユリアナ,K,142,聖王女の盾,buff_self,any,defup,self,
,,,,heal,any,heal_cycle,self,
ファティマ,M,185,運命を司るもの,mana,wave_start,mana_boost,resource,
,,,,for_debuff,for_slow,atkup,self,
,,,,,,,,
SC-3000,F,254,カワラナデシコ,buff_self,any,critup,self,
ジェネシス,A,138,アタックパートナー,buff_self,any,atkup,self,
スケルトンセガサターン,M,186,SoCool,buff_all,in_sub,atkup,self,
,,,,,,,,
# 魔神ザロビ戦,,,,,,,,
,,,,,,,,
ベルヴィード,K,143,歴戦の剣,buff_self,any,atkup,self,
,,,,buff_self,any,critup,self,
シンフォニア,K,144,眩い信念,against_debuff,any,guard_slow,self,
,,,,heal,wave_start,heal_one,hp_worst,
ザロビ,M,187,軍師の布石,for_debuff,for_poison,atkup,self,
,,,,for_debuff,for_slow,atkup,self,
,,,,,,,,
# サクラ大戦コラボ（前半）,,,,,,,,
,,,,,,,,
大神一郎,F,255,二天一流,buff_self,any,speedup,self,
,,,,buff_self,any,critup,self,
真宮寺さくら,F,256,居合いの達人,against_debuff,any,guard_down,self,
,,,,killer,vs_black,atkup,self,
,,,,killer,vs_skeleton,atkup,self,
,,,,killer,vs_ghost,atkup,self,
レニ・ミルヒシュトラーセ,K,145,冷静沈着,mana,wave_start,mana_boost,resource,
,,,,mana,battle_start,mana_charge,resource,
マリア・タチバナ,A,139,作戦指揮,buff_all,in_sub,atkspeedup,all,
ソレッタ・織姫,M,188,自由奔放,buff_self,hp_upto,atkspeedup,self,
,,,,,,,,
神崎すみれ,F,257,神崎財閥令嬢,resource,battle_end,goldup,resource,
桐島カンナ,F,258,帝劇のムードメーカー,buff_self,any,atkup,self,
,,,,buff_self,any,crdamup,self,
李紅蘭,A,140,こんなこともあろうかと,against_debuff,any,guard_blind,self,
,,,,resource,battle_end,expup,resource,
アイリス,P,76,ヒーリング,buff_self,any,healareaup,self,
,,,,,,,,
ユーフィス,P,77,水呼びの癒し,buff_self,any,healup,self,
,,,,mana,wave_start,mana_boost,resource,
,,,,,,,,
# 犬鼻族長フェス,,,,,,,,
,,,,,,,,
ガジジナ,F,259,族長の号令,buff_all,in_sub,atkdefup,all,
ギザザヤ,F,260,忠義の心得,buff_self,any,atkup,self,
,,,,heal,attack,absorb,self,
,,,,,,,,
エンヴィ,A,141,がまぐち,resource,battle_end,goldup,resource,
,,,,,,,,
# 蠢動する悪意,,,,,,,,
,,,,,,,,
アメリー,F,261,教育捕縛術講座,for_debuff,for_slow,atkup,self,
キサ,A,142,凍てつく魔弾,mana,battle_start,mana_charge,resource,
,,,,buff_self,attack,atkup,self,
ザエル,F,262,愚純,for_debuff,for_poison,atkdefup,self,
,,,,for_debuff,for_slow,atkdefup,self,
,,,,for_debuff,for_blind,atkdefup,self,
,,,,,,,,
# サクラ大戦コラボ（後半）,,,,,,,,
,,,,,,,,
神崎すみれ,F,263,長刀術,buff_self,boss_wave,atkdefup,self,
,,,,buff_self,any,guard_fire,self,
桐島カンナ,F,264,格闘家,buff_self,any,speedup,self,
,,,,skillup,any,skill_atkup,self,
李紅蘭,A,143,笑いのセンス,buff_self,attack,atkup,self,
,,,,skillup,any,skill_atkup,self,
アイリス,P,78,超能力,against_debuff,any,guard_weaken,self,
,,,,buff_self,any,speedup,self,
,,,,,,,,
真宮寺さくら,F,265,抜刀術,buff_self,any,critup,self,
,,,,for_debuff,for_down,atkup,self,
レニ・ミルヒシュトラーセ,K,146,青い騎士,buff_self,any,guardup,self,
,,,,add_debuff,attack,freeze,enemy,
マリア・タチバナ,A,144,氷の狙撃手,for_debuff,for_freeze,atkup,self,
ソレッタ・織姫,M,189,シエスタ,against_debuff,any,guard_blind,self,
,,,,mana,wave_start,mana_boost,resource,
,,,,,,,,
キャメロウ,K,147,砂漠の知識,field,in_desert,atkdefup,self,
,,,,,,,,
# 太鼓の達人コラボ2,,,,,,,,
,,,,,,,,
どんちゃん,F,266,お祭り騒ぎ,field,in_night,atkdefup,self,
,,,,,,,,
# 深淵の渦,,,,,,,,
,,,,,,,,
ゼファル,F,267,昏属世界,buff_all,any,atkup,fighter,
バグリス,K,148,蒼属世界,buff_all,any,atkup,knight,
,,,,,,,,
# 2部僧侶フェス,,,,,,,,
,,,,,,,,
ジークルーン,P,79,姫君の嗜み,buff_self,any,healup,self,
,,,,mana,own_skill,destroy_scrap,resource,
,,,,,,,,
# 魔神トゥキファト戦,,,,,,,,
,,,,,,,,
バラクーダ,F,268,大海原爆走指南,heal,any,heal_cycle,self,
,,,,field,in_beach,atkdefup,self,
,,,,field,in_ship,atkdefup,self,
,,,,field,in_sea,atkdefup,self,
ルーラ,F,269,常に美麗優雅たれ,for_debuff,for_slow,atkup,self,
トゥキファト,K,149,天輪の恩恵,mana,battle_start,mana_charge,resource,
,,,,heal,wave_start,heal_all,all,
,,,,,,,,
ラブラ,F,270,穿つ一撃,buff_self,boss_wave,atkdefup,self,
,,,,,,,,
# まどマギコラボ,,,,,,,,
,,,,,,,,
アルティメットまどか,M,190,救済の光,against_debuff,any,guard_blind,self,
,,,,heal,wave_start,heal_all,all,
悪魔ほむら,M,191,悪魔の愛情,mana,battle_start,mana_charge,resource,
,,,,buff_self,any,atkup,self,
,,,,buff_self,any,critup,self,
巴マミ,M,192,必殺の魔弾,buff_self,attack,atkup,self,
,,,,skillup,any,skill_atkup,self,
,,,,,,,,
佐倉杏子,F,271,ベテランの実力,buff_self,any,atkspeedup,self,
美樹さやか,K,150,癒しの祈り,buff_self,any,atkup,self,
,,,,heal,any,heal_cycle,self,
百江なぎさ,P,80,幼き補佐役,resource,battle_end,expup,resource,
,,,,buff_all,in_sub,atkup,all,
暁美ほむら,M,193,時間操作能力,mana,wave_start,mana_boost,resource,
,,,,,,,,
,,,,,,,,
# 第3部・リリース時,,,,,,,,
,,,,,,,,
ヘリオス,F,272,明日の希望,heal,any,heal_cycle,self,
エシャル,F,273,希望の薔薇,buff_self,any,atkup,self,
,,,,heal,any,heal_cycle,self,
アマツ,F,274,覚醒の剣鬼,buff_self,any,atkspeedup,self,
マウリッツ,F,275,副都の裏側,field,in_night,atkdefup,self,
ベルナデット,F,276,恋のおまじない,buff_self,hp_upto,atkspeedup,self,
イオ,F,277,勇士の助言,buff_self,boss_wave,atkdefup,self,
セレステ,K,151,神秘の鎧,against_debuff,any,guard_seal,self,
イスマイル,A,145,竜の恩恵,killer,vs_lizard,atkdefup,self,
ヌヴィエム,A,146,雲の狩技,add_debuff,attack,blind,enemy,
アリーチェ,M,194,前向きな激励,mana,wave_start,mana_boost,resource,
ウガガラ＆プアア,M,195,水猫占い,mana,wave_start,mana_boost,resource,
リゲル,M,196,惑星魔法,buff_self,boss_wave,atkdefup,self,
ドウマ,M,197,導士の書,pierce,attack,pierce,enemy,
,,,,,,,,
ネリー,F,278,建築の心得,field,in_town,atkdefup,self,
ハーフィズ,F,279,元盗賊の知恵,resource,battle_end,goldup,resource,
ユキノジョウ,F,280,女形の心得,add_debuff,critical,down,enemy,
イッシキ,F,281,名刀の切れ味,buff_self,boss_wave,atkup,self,
ケマイエス,K,152,楽器の手入れ,buff_self,hp_downto,atkup,self,
クーシャン,K,153,鷲獅子の爪,for_debuff,for_poison,atkup,self,
,,,,for_debuff,for_slow,atkup,self,
,,,,for_debuff,for_blind,atkup,self,
シェロム,A,147,花開く弓弦,buff_self,any,critup,self,
ウワイジュ,A,148,漁師の筋トレ,buff_self,hp_upto,atkup,self,
レサーカ,A,149,毒薬の調合,add_debuff,attack,poison,self,
アリエル,P,81,讃美歌の応援,heal,wave_start,heal_one,hp_worst,
リューリィ,P,82,探し出す患者,buff_self,any,areaup,self,
シーシャン,P,83,鷲獅子の羽,against_debuff,any,guard_slow,self,
ミロスラフ,M,198,溶解結合,combat,attack,combat,self,
トビアス,M,199,反復練習,buff_self,hp_upto,atkspeedup,self,
コドロ,M,200,炎を纏う火鬼,buff_self,any,guard_fire,self,
,,,,,,,,
ヘリオス,F,282,小さな勇気,heal,any,heal_cycle,self,
エシャル,F,283,小さな薔薇,resource,battle_end,goldup,resource,
アマツ,F,284,小さな闘志,buff_self,any,crdamup,self,
セレステ,K,154,小さな加護,against_debuff,any,reduce_weaken,self,
クーシャン,K,155,小さな蒼爪,add_debuff,attack,slow,enemy,
シャディア,A,150,小さな朧月,resource,battle_end,expup,resource,
トロメア,P,84,小さな希望,buff_self,any,healup,self,
デルフィーナ,P,85,小さな覚悟,buff_self,any,areaup,self,
シーシャン,P,86,小さな蒼羽,heal,wave_start,heal_one,hp_worst,
アリーチェ,M,201,小さな激動,mana,wave_start,mana_boost,resource,
ベルタ,M,202,小さな補佐,skillup,any,skill_atkup,self,
カーリン,M,203,小さな本能,buff_self,any,atkup,self,
ヒトリ,M,204,小さな赤炎,buff_self,any,guard_fire,self,
,,,,,,,,
スカラデン,F,285,,,,,,
シドビビ,F,286,,,,,,
ゼルマ,F,287,,,,,,
ガンドル,F,288,,,,,,
サナム,F,289,,,,,,
テンペスタ,F,290,,,,,,
ツバキ,F,291,,,,,,
シュカ,F,292,,,,,,
エミリアン,K,156,,,,,,
ナウラ,K,157,,,,,,
ジーメオン,A,151,,,,,,
ラーナ,A,152,,,,,,
オリュミーナ,A,153,,,,,,
オヅミ,A,154,,,,,,
マナワ,A,155,,,,,,
ジェンター,P,87,,,,,,
バルーフ,P,88,,,,,,
タウィーラ,P,89,,,,,,
メーリア,P,90,,,,,,
フランジア,M,205,,,,,,
ミリー,M,206,,,,,,
エステバン,M,207,,,,,,
イフサーン,M,208,,,,,,
,,,,,,,,
# ストーリー追加12/8,,,,,,,,
,,,,,,,,
ミユキ,F,293,雪女の道しるべ,field,in_snow,atkdefup,self,
シャディア,A,156,宵月のハミング,buff_all,in_sub,atkup,all,
,,,,,,,,
# ストーリー追加12/15・クリスマス,,,,,,,,
,,,,,,,,
ユニカ,K,158,森の守護者,field,in_forest,atkdefup,self,
ベルタ,M,209,司令塔補佐,add_debuff,skill,down,enemy,
アベータ,P,91,モミの木の加護,against_debuff,any,reduce_freeze,self,
,,,,,,,,
# 魔神スフラトゥス戦,,,,,,,,
,,,,,,,,
イヴェルタ,K,159,傭兵の剣術,buff_self,boss_wave,atkup,self,
スフラトゥス,M,210,お気に入りのボタン,against_debuff,any,reduce_blind,self,
,,,,buff_self,any,atkspeedup,self,